ident8;begin.opschrift;begin.afstand;eind.opschrift;eind.afstand;gebied
A0010001;0.5;-131;12.1;-6;Agentschap Wegen en Verkeer - AWV212
A0010001;12.1;-6;21.6;-27;Agentschap Wegen en Verkeer - AWV112
A0010001;21.6;-27;35.1;50;Agentschap Wegen en Verkeer - AWV121
A0010002;45.3;-131;47.4;2;Agentschap Wegen en Verkeer - AWV121
A0010002;47.4;2;79.6;7;Agentschap Wegen en Verkeer - AWV123
A0019011;0.1;0;0.1;797;Agentschap Wegen en Verkeer - AWV212
A0020001;0;0;50;-9;Agentschap Wegen en Verkeer - AWV720
A0020001;50;-9;86.7;4;Agentschap Wegen en Verkeer - AWV214
A0020002;86.7;14;87.7;268;Agentschap Wegen en Verkeer - AWV213
A0030001;3.3;-2448;3.3;12;Brussels Gewest - Brussels Gewest
A0030001;3.3;13;44.1;79;Agentschap Wegen en Verkeer - AWV213
A0030001;44.1;79;53.1;-73;Waals Gewest - Waals Gewest
A0030001;53.1;-73;56.4;79;Agentschap Wegen en Verkeer - AWV213
A0030001;56.4;79;58.5;-21;Waals Gewest - Waals Gewest
A0030001;58.5;-21;61.5;28;Agentschap Wegen en Verkeer - AWV213
A0030001;61.5;28;61.5;20790;Waals Gewest - Waals Gewest
A0040001;4;-3996;4;-96;Brussels Gewest - Brussels Gewest
A0040001;4;-96;13.5;-25;Agentschap Wegen en Verkeer - AWV212
A0040001;13.5;-25;13.5;699;Waals Gewest - Waals Gewest
A0070001;17.5;0;17.5;1593;Waals Gewest - Waals Gewest
A0080001;0;0;7.6;45;Agentschap Wegen en Verkeer - AWV211
A0080001;7.6;45;7.6;25890;Waals Gewest - Waals Gewest
A0100001;0;-79;14.9;22;Agentschap Wegen en Verkeer - AWV212
A0100001;14.9;22;72.1;38;Agentschap Wegen en Verkeer - AWV411
A0100001;72.1;38;104.5;29;Agentschap Wegen en Verkeer - AWV311
A0110001;72.7;-38;107.2;0;Agentschap Wegen en Verkeer - AWV411
A0110001;107.2;0;134.4;-1;Agentschap Wegen en Verkeer - AWV413
A0110001;134.4;-1;154.5;105;Agentschap Wegen en Verkeer - AWV311
A0110002;68.0;0;72.7;-38;Agentschap Wegen en Verkeer - AWV121
A0120001;1.3;-1297;1.3;-42;Brussels Gewest - Brussels Gewest
A0120001;1.3;-42;15.8;-32;Agentschap Wegen en Verkeer - AWV212
A0120001;15.8;-32;23;-84;Agentschap Wegen en Verkeer - AWV112
A0120001;23;-84;35.7;141;Agentschap Wegen en Verkeer - AWV121
A0120001;37;0;54.1;72;Agentschap Wegen en Verkeer - AWV121
A0129251;0;0;1.2;16;Agentschap Wegen en Verkeer - AWV121
A0130001;0;-6;9.4;79;Agentschap Wegen en Verkeer - AWV121
A0130001;9.4;79;48.3;-44;Agentschap Wegen en Verkeer - AWV114
A0130001;48.3;-44;100.2;1;Agentschap Wegen en Verkeer - AWV720
A0130001;100.2;1;100.2;699;Waals Gewest - Waals Gewest
A0140001;0;0;26.3;50;Agentschap Wegen en Verkeer - AWV312
A0140001;26.3;50;97.4;2;Agentschap Wegen en Verkeer - AWV411
A0140001;97.4;2;99.9;842;LANTIS
A0170001;17.6;-93;49;0;Agentschap Wegen en Verkeer - AWV312
A0170001;49;0;68;74;Agentschap Wegen en Verkeer - AWV311
A0170002;17.6;-2278;17.6;-98;Waals Gewest - Waals Gewest
A0180001;5.5;-93;47.3;59;Agentschap Wegen en Verkeer - AWV311
A0190001;0.2;0;22.9;246;Agentschap Wegen en Verkeer - AWV312
A0210002;10;-65;58;12;Agentschap Wegen en Verkeer - AWV125
A0250001;0;0;0.5;14;Agentschap Wegen en Verkeer - AWV720
A0250001;0.5;14;0.5;5010;Waals Gewest - Waals Gewest
A1120002;0.2;-998;3.2;306;Agentschap Wegen en Verkeer - AWV121
A2010001;1.1;-1099;1.1;-91;Brussels Gewest - Brussels Gewest
A2010001;1.1;-91;4.2;48;Agentschap Wegen en Verkeer - AWV212
B1010001;0;0;1.8;2779;Agentschap Wegen en Verkeer - AWV112
B2010002;0;0;0;2436;Brussels Gewest - Brussels Gewest
B4010001;0;-31;2.4;18;Agentschap Wegen en Verkeer - AWV411
B4020001;0.1;0;2.9;55;Agentschap Wegen en Verkeer - AWV411
B4040001;0;-18;0.9;2;Agentschap Wegen en Verkeer - AWV413
N0010001;4.4;-4418;4.4;-83;Brussels Gewest - Brussels Gewest
N0010001;4.4;-83;15.5;-15;Agentschap Wegen en Verkeer - AWV212
N0010001;15.5;-15;17.3;6;Agentschap Wegen en Verkeer - AWV112
N0010001;0;17676;0;18781;Gemeente - GemeenteMechelen
N0010001;18.8;-27;23.3;45;Agentschap Wegen en Verkeer - AWV112
N0010001;40.3;24;40.3;3350;Gemeente - GemeenteAntwerpen
N0010001;44.4;0;49.1;-206;Agentschap Wegen en Verkeer - AWV121
N0010001;49.1;-206;70.1;26;Agentschap Wegen en Verkeer - AWV123
N0010002;38.7;0;40.3;15;Agentschap Wegen en Verkeer - AWV121
N0019011;0;0;0;571;Gemeente - GemeenteMechelen
N0019021;0;0;0;226;Gemeente - GemeenteMechelen
N0019031;0;-5;0.8;28;Agentschap Wegen en Verkeer - AWV121
N0019041;0;-8;1;129;Agentschap Wegen en Verkeer - AWV212
N0020001;4.6;-4602;4.6;-37;Brussels Gewest - Brussels Gewest
N0020001;4.6;-37;11.3;-1;Agentschap Wegen en Verkeer - AWV212
N0020001;11.3;-1;33.5;-9;Agentschap Wegen en Verkeer - AWV213
N0020001;33.5;-9;52.5;34;Agentschap Wegen en Verkeer - AWV214
N0020001;52.5;34;63;-50;Agentschap Wegen en Verkeer - AWV717
N0020001;63;-50;71.4;26;Agentschap Wegen en Verkeer - AWV720
N0020001;72.6;-42;79.8;49;Agentschap Wegen en Verkeer - AWV720
N0020001;79.8;49;85.3;53;Agentschap Wegen en Verkeer - AWV719
N0020001;85.3;53;86.9;-73;Gemeente - GemeenteBilzen
N0020001;86.9;-73;91.6;41;Agentschap Wegen en Verkeer - AWV719
N0020001;91.6;41;94.9;69;Agentschap Wegen en Verkeer - AWV718
N0029021;0;-13;0.3;48;Agentschap Wegen en Verkeer - AWV213
N0029031;0;0;0.1;17;Agentschap Wegen en Verkeer - AWV717
N0029041;1.9;-1901;1.9;-99;Gemeente - GemeenteHerk-de-Stad
N0029041;1.9;-99;1.9;66;Agentschap Wegen en Verkeer - AWV717
N0029061;0;0;0;983;Gemeente - GemeenteHasselt
N0029071;0;0;0;68;Agentschap Wegen en Verkeer - AWV213
N0030001;9.5;-7960;9.5;-47;Brussels Gewest - Brussels Gewest
N0030001;9.5;-47;33.2;-4;Agentschap Wegen en Verkeer - AWV213
N0030001;33.2;-4;58.4;-10;Agentschap Wegen en Verkeer - AWV214
N0030001;58.4;-10;75.3;0;Agentschap Wegen en Verkeer - AWV719
N0039051;0.2;0;0.2;1675;Gemeente - GemeenteSint-Truiden
N0039051;2.7;-2;3.8;46;Agentschap Wegen en Verkeer - AWV719
N0040001;0;0;0;6168;Brussels Gewest - Brussels Gewest
N0040001;7.1;-199;15.6;55;Agentschap Wegen en Verkeer - AWV213
N0040001;15.6;55;15.6;926;Waals Gewest - Waals Gewest
N0049021;0;0;0;1590;Gemeente - GemeenteOverijse
N0050001;8.2;-8247;8.2;-116;Brussels Gewest - Brussels Gewest
N0050001;8.2;-116;12;45;Agentschap Wegen en Verkeer - AWV211
N0050001;12;45;12.1;120;Waals Gewest - Waals Gewest
N0060001;5.7;-5731;5.7;-77;Brussels Gewest - Brussels Gewest
N0060001;5.7;-77;18.6;79;Agentschap Wegen en Verkeer - AWV211
N0070001;0;-5;4.1;80;Agentschap Wegen en Verkeer - AWV211
N0080001;3.8;-3803;3.8;-8;Brussels Gewest - Brussels Gewest
N0080001;3.8;-8;19.1;-39;Agentschap Wegen en Verkeer - AWV211
N0080001;19.1;-39;30.4;22;Agentschap Wegen en Verkeer - AWV415
N0080001;30.4;22;31.6;-40;Agentschap Wegen en Verkeer - AWV412
N0080001;31.6;-40;39.6;10;Agentschap Wegen en Verkeer - AWV415
N0080001;39.6;10;41.3;-28;Agentschap Wegen en Verkeer - AWV412
N0080001;41.3;-28;42.6;-81;Gemeente - GemeenteBrakel
N0080001;42.6;-81;64.4;38;Agentschap Wegen en Verkeer - AWV412
N0080001;64.4;38;77.1;15;Agentschap Wegen en Verkeer - AWV312
N0080001;77.1;15;82;24;Gemeente - GemeenteZwevegem
N0080001;82;24;84.9;10;Agentschap Wegen en Verkeer - AWV312
N0080001;87.7;0;105.8;22;Agentschap Wegen en Verkeer - AWV312
N0080001;105.8;22;113.6;42;Agentschap Wegen en Verkeer - AWV313
N0080001;113.6;42;117.7;-87;Gemeente - GemeenteIeper
N0080001;117.7;-87;149.2;-6;Agentschap Wegen en Verkeer - AWV313
N0080001;149.2;-6;152.5;7;Agentschap Wegen en Verkeer - AWV315
N0089031;0;0;1.7;51;Agentschap Wegen en Verkeer - AWV412
N0089051;0;0;0;854;Gemeente - GemeenteAvelgem
N0089061;0;-4;0.1;19;Agentschap Wegen en Verkeer - AWV312
N0089071;0.4;-45;1.8;49;Agentschap Wegen en Verkeer - AWV313
N0089071;1.8;49;1.8;457;Gemeente - GemeenteVeurne
N0089081;0;-2;1.1;641;Gemeente - GemeenteKoksijde
N0089091;0;0;0;68;Gemeente - GemeenteIeper
N0089101;0;0;0;699;Gemeente - GemeenteKoksijde
N0090001;4.6;-4607;4.6;-40;Brussels Gewest - Brussels Gewest
N0090001;4.6;-40;21.4;-43;Agentschap Wegen en Verkeer - AWV212
N0090001;21.4;-43;39.4;9;Agentschap Wegen en Verkeer - AWV415
N0090001;39.4;9;43.8;44;Agentschap Wegen en Verkeer - AWV414
N0090001;43.8;44;56.3;-43;Agentschap Wegen en Verkeer - AWV411
N0090001;56.3;-43;82.8;22;Agentschap Wegen en Verkeer - AWV413
N0090001;82.8;22;92.9;67;Agentschap Wegen en Verkeer - AWV311
N0090001;92.9;67;95.4;-51;Gemeente - GemeenteBrugge
N0090001;95.4;-51;106.4;13;Agentschap Wegen en Verkeer - AWV311
N0090001;106.4;13;116.6;55;Agentschap Wegen en Verkeer - AWV315
N0099021;0;-14;0.8;51;Agentschap Wegen en Verkeer - AWV212
N0099031;0;0;0;1957;Gemeente - GemeenteAsse
N0099041;0;0;0;2218;Gemeente - GemeenteMaldegem
N0099051;0;0;0;1217;Gemeente - GemeenteAsse
N0099061;0;0;0;817;Gemeente - GemeenteAsse
N0099071;0;-5;0.3;15;Agentschap Wegen en Verkeer - AWV311
N0099081;0;-2;0.1;64;Agentschap Wegen en Verkeer - AWV212
N0099091;0;0;0;522;Gemeente - GemeenteAsse
N0099101;0;0;0;693;Gemeente - GemeenteDilbeek
N0099111;0;-4;1;20;Agentschap Wegen en Verkeer - AWV212
N0099131;0;-2;0.49;1;Agentschap Wegen en Verkeer - AWV413
N0100001;3.4;0;8;106;Agentschap Wegen en Verkeer - AWV123
N0100001;8;106;8;1162;Gemeente - GemeenteLier
N0100001;11.7;-139;11.7;-117;Agentschap Wegen en Verkeer - AWV112
N0100001;11.7;-117;17.2;41;Agentschap Wegen en Verkeer - AWV123
N0100001;17.2;41;28.9;-25;Agentschap Wegen en Verkeer - AWV112
N0100001;28.9;-25;49;78;Agentschap Wegen en Verkeer - AWV214
N0109011;0;0;0;323;Gemeente - GemeenteAarschot
N0110001;0;-9;10.9;94;Agentschap Wegen en Verkeer - AWV123
N0120001;1;-992;1;-87;Gemeente - GemeenteAntwerpen
N0120001;1;-87;4.3;0;Agentschap Wegen en Verkeer - AWV121
N0120001;6;-4;29;-39;Agentschap Wegen en Verkeer - AWV123
N0120001;29;-39;56.5;90;Agentschap Wegen en Verkeer - AWV125
N0130001;0.4;-25;2;49;Agentschap Wegen en Verkeer - AWV123
N0130001;2;49;29;25;Agentschap Wegen en Verkeer - AWV114
N0140001;3;-2982;3;-42;Gemeente - GemeenteMechelen
N0140001;3;-42;9.4;8;Agentschap Wegen en Verkeer - AWV112
N0140001;9.4;8;13.4;192;Agentschap Wegen en Verkeer - AWV123
N0140001;13.4;192;13.4;1561;Gemeente - GemeenteLier
N0140001;17;4;40.6;-26;Agentschap Wegen en Verkeer - AWV123
N0140001;40.6;-26;61.9;4;Agentschap Wegen en Verkeer - AWV125
N0150001;0;0;24.9;2;Agentschap Wegen en Verkeer - AWV112
N0150001;24.9;2;32.8;88;Agentschap Wegen en Verkeer - AWV114
N0159011;0;0;2.3;-20;Gemeente - GemeenteMechelen
N0159011;2.3;-20;2.3;176;Agentschap Wegen en Verkeer - AWV112
N0160001;0;-21;22.9;-39;Agentschap Wegen en Verkeer - AWV112
N0160001;22.9;-39;30;3;Agentschap Wegen en Verkeer - AWV414
N0160001;30;3;30;989;Gemeente - GemeenteSint-Niklaas
N0169011;0;0;0;3131;Gemeente - GemeenteMechelen
N0169021;0;-11;1.3;78;Agentschap Wegen en Verkeer - AWV112
N0169021;1.3;78;1.3;109;Gemeente - GemeenteMechelen
N0169031;0;-14;0.3;82;Agentschap Wegen en Verkeer - AWV112
N0169041;0;0;0;260;Gemeente - GemeenteMechelen
N0170001;0.1;-104;9.8;-12;Agentschap Wegen en Verkeer - AWV112
N0170001;9.8;-12;17.4;77;Agentschap Wegen en Verkeer - AWV415
N0179011;0;0;0;435;Gemeente - GemeenteDendermonde
N0180001;0;-32;9.5;58;Agentschap Wegen en Verkeer - AWV125
N0180001;9.5;58;10.9;-43;Gemeente - GemeenteRetie
N0180001;10.9;-43;15.5;45;Agentschap Wegen en Verkeer - AWV125
N0180001;15.5;45;20.4;85;Agentschap Wegen en Verkeer - AWV114
N0180001;21.4;-89;30.9;52;Agentschap Wegen en Verkeer - AWV114
N0180001;30.9;52;32.6;44;Agentschap Wegen en Verkeer - AWV717
N0190001;0.1;-142;6.6;93;Agentschap Wegen en Verkeer - AWV125
N0190001;6.6;93;8.2;2292;Gemeente - GemeenteKasterlee
N0190001;8.2;2292;8.2;8194;Gemeente - GemeenteGeel
N0190001;18.9;-1517;18.9;-123;Gemeente - GemeenteGeel
N0190001;18.9;-123;39.5;36;Agentschap Wegen en Verkeer - AWV114
N0190001;39.5;36;42;112;Agentschap Wegen en Verkeer - AWV214
N0190001;44.2;-1140;44.2;-101;Gemeente - GemeenteAarschot
N0190001;44.2;-101;48;7;Agentschap Wegen en Verkeer - AWV214
N0190001;48;7;58.3;77;Agentschap Wegen en Verkeer - AWV213
N0199041;0;0;0;640;Gemeente - GemeenteAarschot
N0199051;0;-15;0.4;0;Agentschap Wegen en Verkeer - AWV214
N0199061;0;0;0;149;Gemeente - GemeenteAarschot
N0199071;0;-101;8.3;20;Agentschap Wegen en Verkeer - AWV125
N0200001;1.5;-1503;1.5;-91;Gemeente - GemeenteHasselt
N0200001;1.5;-91;6;22;Agentschap Wegen en Verkeer - AWV720
N0200001;6;22;24.3;80;Agentschap Wegen en Verkeer - AWV719
N0210001;6.4;-6400;6.4;-45;Brussels Gewest - Brussels Gewest
N0210001;6.4;-45;21.4;-34;Agentschap Wegen en Verkeer - AWV212
N0210001;21.4;-34;28.3;201;Agentschap Wegen en Verkeer - AWV213
N0210001;28.3;201;28.3;1469;Gemeente - GemeenteRotselaar
N0219011;0;0;0;807;Agentschap Wegen en Verkeer - AWV212
N0219021;0;0;0;690;Gemeente - GemeenteBegijnendijk
N0250001;0;-34;8.8;73;Agentschap Wegen en Verkeer - AWV213
N0260001;0.1;-102;8;60;Agentschap Wegen en Verkeer - AWV213
N0260001;8;60;11.7;-45;Agentschap Wegen en Verkeer - AWV212
N0260001;11.7;-45;16.9;27;Agentschap Wegen en Verkeer - AWV213
N0260001;16.9;27;21.1;57;Agentschap Wegen en Verkeer - AWV112
N0269011;0;0;0;678;Gemeente - GemeenteLeuven
N0280001;13.2;0;15.8;86;Agentschap Wegen en Verkeer - AWV211
N0280001;15.8;86;18.3;-25;Gemeente - GemeenteHalle
N0280001;18.3;-25;32.5;-15;Agentschap Wegen en Verkeer - AWV211
N0280001;32.5;-15;40.5;77;Agentschap Wegen en Verkeer - AWV415
N0290001;52.4;-56;73.8;71;Agentschap Wegen en Verkeer - AWV214
N0290001;74;-32;82.1;19;Agentschap Wegen en Verkeer - AWV214
N0290001;82.1;19;87.7;90;Agentschap Wegen en Verkeer - AWV717
N0290001;87.7;90;87.7;203;Gemeente - GemeenteBeringen
N0299011;0;0;0;408;Gemeente - GemeenteBeringen
N0299011;0;520;0;1100;Gemeente - GemeenteBeringen
N0310001;0;0;19.4;57;Agentschap Wegen en Verkeer - AWV311
N0319011;0;-10;0.7;16;Agentschap Wegen en Verkeer - AWV311
N0319021;0.3;-84;0.6;30;Agentschap Wegen en Verkeer - AWV311
N0320001;0.5;-500;0.9;-38;Gemeente - GemeenteBrugge
N0320001;0.9;-38;14.9;8;Agentschap Wegen en Verkeer - AWV311
N0320001;14.9;8;17.2;13;Agentschap Wegen en Verkeer - AWV316
N0320001;17.2;13;20.2;-20;Gemeente - GemeenteTorhout
N0320001;20.2;-20;30.8;-15;Agentschap Wegen en Verkeer - AWV316
N0320001;30.8;-15;33.7;-10;Gemeente - GemeenteRoeselare
N0320001;33.7;-10;44.7;6;Agentschap Wegen en Verkeer - AWV316
N0320001;44.7;6;50.7;16;Agentschap Wegen en Verkeer - AWV312
N0329011;0;0;0;2382;Gemeente - GemeenteRoeselare
N0329021;0;0;0;3963;Gemeente - GemeenteMenen
N0329031;0;0;0.7;100;Agentschap Wegen en Verkeer - AWV312
N0329041;0;-11;1.4;10;Agentschap Wegen en Verkeer - AWV312
N0330001;2;-2005;2;-54;Gemeente - GemeenteOostende
N0330001;2;-54;21.2;-47;Agentschap Wegen en Verkeer - AWV315
N0330001;21.2;-47;24.1;77;Agentschap Wegen en Verkeer - AWV316
N0340001;0.2;-203;0.3;-36;Gemeente - GemeenteKnokke-Heist
N0340001;0.3;-36;12.7;-15;Agentschap Wegen en Verkeer - AWV311
N0340001;12.7;-15;13.9;-87;Gemeente - GemeenteBlankenberge
N0340001;13.9;-87;14.4;46;Agentschap Wegen en Verkeer - AWV311
N0340001;31.5;-51;32.2;22;Agentschap Wegen en Verkeer - AWV315
N0340001;32.2;22;32.2;98;Gemeente - GemeenteOostende
N0340001;33;-12;33.2;21;Agentschap Wegen en Verkeer - AWV315
N0340001;33.2;21;36.2;-36;Gemeente - GemeenteOostende
N0340001;63.8;-4;70.1;10;Agentschap Wegen en Verkeer - AWV313
N0340002;21.9;0;31.3;78;Agentschap Wegen en Verkeer - AWV315
N0340002;55;0;63.8;-3;Agentschap Wegen en Verkeer - AWV315
N0349011;0;-17;1.8;46;Agentschap Wegen en Verkeer - AWV311
N0349021;0;0;0.5;14;Agentschap Wegen en Verkeer - AWV311
N0349031;0.1;-74;1;19;Agentschap Wegen en Verkeer - AWV311
N0349041;0;0;0;343;Gemeente - GemeenteBlankenberge
N0349061;0;0;0.3;20;Agentschap Wegen en Verkeer - AWV315
N0349071;0;-21;0.4;0;Agentschap Wegen en Verkeer - AWV315
N0349091;0;-17;0.6;26;Agentschap Wegen en Verkeer - AWV311
N0349251;0;-17;8.2;74;Agentschap Wegen en Verkeer - AWV315
N0349261;0;0;1.8;47;Agentschap Wegen en Verkeer - AWV315
N0350001;0;-15845;2.5;46;Agentschap Wegen en Verkeer - AWV313
N0350001;2.5;46;3.1;48;Agentschap Wegen en Verkeer - AWV315
N0350001;3.1;48;5.6;98;Agentschap Wegen en Verkeer - AWV313
N0350001;5.6;98;6.3;-1;Gemeente - GemeenteVeurne
N0350001;6.3;-1;38.7;-25;Agentschap Wegen en Verkeer - AWV313
N0350001;38.7;-25;53.5;28;Agentschap Wegen en Verkeer - AWV316
N0350001;53.5;28;53.5;1500;Gemeente - GemeentePittem
N0350001;55;-7;62.4;-46;Agentschap Wegen en Verkeer - AWV316
N0350001;62.4;-46;72.5;43;Agentschap Wegen en Verkeer - AWV413
N0350001;72.5;43;78.7;70;Agentschap Wegen en Verkeer - AWV411
N0359021;0;-18;1;112;Agentschap Wegen en Verkeer - AWV316
N0359031;0;-15;1.5;3;Agentschap Wegen en Verkeer - AWV316
N0359051;0;0;0;293;Gemeente - GemeentePittem
N0359071;0;-29;1.5;21;Agentschap Wegen en Verkeer - AWV316
N0360001;0;-2;4;24;Agentschap Wegen en Verkeer - AWV313
N0360001;4;24;21.9;-40;Agentschap Wegen en Verkeer - AWV316
N0360001;21.9;-40;46.2;17;Agentschap Wegen en Verkeer - AWV312
N0360001;46.3;-61;54.7;-43;Agentschap Wegen en Verkeer - AWV412
N0360001;54.7;-43;55.3;110;Gemeente - GemeenteRonse
N0369011;0;0;0;1907;Gemeente - GemeenteRoeselare
N0369021;0;0;0;1169;Gemeente - GemeenteIzegem
N0369031;0;0;0;1349;Gemeente - GemeenteIzegem
N0369041;0;-18;1.8;47;Agentschap Wegen en Verkeer - AWV312
N0369041;1.8;47;3.2;27;Gemeente - GemeenteHarelbeke
N0369051;0;0;0;1459;Gemeente - GemeenteHarelbeke
N0369051;0;1459;0;3964;Gemeente - GemeenteDeerlijk
N0369061;0;-9;0.4;118;Agentschap Wegen en Verkeer - AWV412
N0369071;0;-7;0.3;64;Agentschap Wegen en Verkeer - AWV316
N0370001;0.1;-125;2.8;8;Agentschap Wegen en Verkeer - AWV413
N0370001;2.8;8;24.9;67;Agentschap Wegen en Verkeer - AWV316
N0370001;24.9;67;24.9;4559;Gemeente - GemeenteRoeselare
N0370001;24.9;4559;24.9;4656;Agentschap Wegen en Verkeer - AWV316
N0370001;24.9;4656;24.9;6005;Gemeente - GemeenteRoeselare
N0370001;42.3;-34;42.3;-33;Gemeente - GemeenteRoeselare
N0370001;42.3;-33;49.1;79;Agentschap Wegen en Verkeer - AWV313
N0379011;0.5;0;0.5;2608;Gemeente - GemeenteRuiselede
N0379021;0;0;1.4;65;Agentschap Wegen en Verkeer - AWV313
N0380001;0;-3;19.8;13;Agentschap Wegen en Verkeer - AWV313
N0390001;0;-2;7.9;5;Agentschap Wegen en Verkeer - AWV315
N0390001;7.9;5;17.1;55;Agentschap Wegen en Verkeer - AWV313
N0399011;0;0;0;1813;Gemeente - GemeenteKoksijde
N0410001;0.1;-105;3.3;75;Agentschap Wegen en Verkeer - AWV415
N0410001;10.9;-40;18;-1;Agentschap Wegen en Verkeer - AWV415
N0410001;18;-1;30.7;56;Agentschap Wegen en Verkeer - AWV414
N0420001;0;-12;1.7;-12;Agentschap Wegen en Verkeer - AWV414
N0420001;1.7;-12;15.4;73;Agentschap Wegen en Verkeer - AWV412
N0420001;18.5;-41;19.7;-38;Agentschap Wegen en Verkeer - AWV412
N0420001;19.7;-38;29.9;0;Agentschap Wegen en Verkeer - AWV415
N0429011;0;-3;3.939;7;Gemeente - GemeenteZottegem
N0429021;0;-18;2.6;24;Agentschap Wegen en Verkeer - AWV412
N0430001;1;0;1;100;Agentschap Wegen en Verkeer - AWV411
N0430001;2.7;-181;11.4;27;Agentschap Wegen en Verkeer - AWV411
N0430001;11.4;27;27.7;33;Agentschap Wegen en Verkeer - AWV413
N0430001;27.7;33;40.8;49;Agentschap Wegen en Verkeer - AWV312
N0430001;41.9;-27;51.4;96;Agentschap Wegen en Verkeer - AWV312
N0430002;49.1;-33;51.4;411;Waals Gewest - Waals Gewest
N0440001;0.1;-10;18;0;Agentschap Wegen en Verkeer - AWV413
N0449011;0;-21;1.1;33;Agentschap Wegen en Verkeer - AWV413
N0450001;0.1;-43;7.4;90;Agentschap Wegen en Verkeer - AWV415
N0450001;13;-104;16.5;87;Agentschap Wegen en Verkeer - AWV415
N0460001;0;-21;7;-1;Agentschap Wegen en Verkeer - AWV415
N0460001;7;-1;32;0;Agentschap Wegen en Verkeer - AWV412
N0469011;23.8;-328;23.8;165;Gemeente - GemeenteZwalm
N0470001;0;0;6.4;-44;Agentschap Wegen en Verkeer - AWV212
N0470001;6.4;-44;17.6;23;Agentschap Wegen en Verkeer - AWV415
N0470001;17.6;23;28.9;103;Agentschap Wegen en Verkeer - AWV414
N0480001;0;-52;4.5;40;Agentschap Wegen en Verkeer - AWV412
N0480001;4.5;40;8.8;50;Waals Gewest - Waals Gewest
N0480001;8.8;50;12.8;9;Agentschap Wegen en Verkeer - AWV412
N0480001;14.4;-21;14.4;-7;Agentschap Wegen en Verkeer - AWV412
N0480001;14.4;-7;15.3;28;Gemeente - GemeenteRonse
N0480001;15.3;28;16.6;41;Agentschap Wegen en Verkeer - AWV412
N0489021;0;0;1.5;28;Agentschap Wegen en Verkeer - AWV412
N0489031;0;-3;0.8;51;Agentschap Wegen en Verkeer - AWV412
N0490002;79.1;45;84.4;0;Agentschap Wegen en Verkeer - AWV311
N0499011;0.3;-61;2.1;2274;Agentschap Wegen en Verkeer - AWV121
N0499031;0.1;-17;0.6;30;Gemeente - GemeenteKnokke-Heist
N0499041;0.1;-89;0.5;67;Gemeente - GemeenteKnokke-Heist
N0500001;48.7;-57;48.7;-55;Waals Gewest - Waals Gewest
N0500001;48.7;-55;68.4;-13;Agentschap Wegen en Verkeer - AWV312
N0500001;68.4;-13;87.7;-8;Agentschap Wegen en Verkeer - AWV316
N0500001;87.7;-8;104.4;3;Agentschap Wegen en Verkeer - AWV311
N0500001;104.4;3;104.4;1328;Gemeente - GemeenteBrugge
N0509011;0;-5;0.1;76;Agentschap Wegen en Verkeer - AWV312
N0509041;0;-3;1.4;63;Agentschap Wegen en Verkeer - AWV316
N0509041;1.4;63;1.4;2358;Gemeente - GemeenteIngelmunster
N0509061;0;0;0;1452;Gemeente - GemeenteOostkamp
N0509071;0;0;0.9;37;Agentschap Wegen en Verkeer - AWV311
N0509081;0.1;-61;0.2;80;Agentschap Wegen en Verkeer - AWV312
N0570001;0;0;3.3;68;Agentschap Wegen en Verkeer - AWV412
N0580001;8.1;-4;10.6;85;Agentschap Wegen en Verkeer - AWV312
N0580001;20;0;27.3;85;Agentschap Wegen en Verkeer - AWV312
N0580002;8.1;-7691;8.1;-4;Waals Gewest - Waals Gewest
N0600001;0;-4;14.5;21;Agentschap Wegen en Verkeer - AWV411
N0600001;14.5;21;32.9;61;Agentschap Wegen en Verkeer - AWV412
N0609021;0;0;2.7;139;Agentschap Wegen en Verkeer - AWV412
N0609021;3.3;-82;4.9;63;Agentschap Wegen en Verkeer - AWV412
N0609031;0;-31;2.3;202;Gemeente - GemeenteDe Pinte
N0640001;36;-75;40;68;Agentschap Wegen en Verkeer - AWV214
N0640001;40;68;40;754;Gemeente - GemeenteTienen
N0690001;0.5;-185;7;57;Agentschap Wegen en Verkeer - AWV719
N0700001;0;-21;5.6;-15;Agentschap Wegen en Verkeer - AWV411
N0700001;5.6;-15;30.3;13;Agentschap Wegen en Verkeer - AWV414
N0700001;30.3;13;32.5;-23;Gemeente - GemeenteSint-Niklaas
N0700001;32.5;-23;37.9;-21;Agentschap Wegen en Verkeer - AWV414
N0700001;37.9;-21;49.8;1;Agentschap Wegen en Verkeer - AWV121
N0709011;0;-2;2.3;101;Agentschap Wegen en Verkeer - AWV411
N0710001;3.2;-2495;3.2;-2389;Agentschap Wegen en Verkeer - AWV114
N0710001;3.2;-2389;3.2;-60;Gemeente - GemeenteGeel
N0710001;3.2;-60;18.3;19;Agentschap Wegen en Verkeer - AWV114
N0710001;18.3;19;31.3;129;Agentschap Wegen en Verkeer - AWV717
N0710001;32.7;-16;33.7;147;Agentschap Wegen en Verkeer - AWV717
N0710001;37.1;-9;42.3;52;Agentschap Wegen en Verkeer - AWV717
N0710001;42.3;52;42.3;1443;Gemeente - GemeenteHamont-Achel
N0720001;0.1;-112;4.5;16;Agentschap Wegen en Verkeer - AWV720
N0720001;4.5;16;20.6;96;Agentschap Wegen en Verkeer - AWV717
N0729011;0;0;0;2987;Gemeente - GemeenteBeringen
N0729021;0;0;0;910;Gemeente - GemeenteBeringen
N0730001;0;-15;29.6;-31;Agentschap Wegen en Verkeer - AWV718
N0730001;29.6;-31;41.9;3;Agentschap Wegen en Verkeer - AWV717
N0730001;45;-83;49;90;Agentschap Wegen en Verkeer - AWV717
N0739011;0;0;0;785;Gemeente - GemeenteBree
N0739021;0;0;0;3097;Gemeente - GemeentePeer
N0739261;39.1;-27;39.5;45;Agentschap Wegen en Verkeer - AWV717
N0740001;0.7;-699;0.7;-17;Gemeente - GemeenteHasselt
N0740001;0.7;-17;9.1;98;Agentschap Wegen en Verkeer - AWV720
N0740001;9.1;98;9.1;157;Agentschap Wegen en Verkeer - AWV717
N0740001;64.9;-101;85.9;73;Agentschap Wegen en Verkeer - AWV717
N0749011;0;0;0;339;Gemeente - GemeenteHechtel-Eksel
N0749011;0;339;0;1348;Gemeente - GemeentePelt
N0750001;0;-11;10.7;15;Agentschap Wegen en Verkeer - AWV720
N0750001;10.7;15;13.1;-60;Gemeente - GemeenteGenk
N0750001;13.1;-60;17.1;-33;Agentschap Wegen en Verkeer - AWV720
N0750001;17.1;-33;29.3;0;Agentschap Wegen en Verkeer - AWV718
N0760001;0;-12;9.7;3;Agentschap Wegen en Verkeer - AWV719
N0760001;9.7;3;28.3;47;Agentschap Wegen en Verkeer - AWV720
N0760001;28.3;47;55;-17;Agentschap Wegen en Verkeer - AWV718
N0760001;55;-17;58.4;48;Agentschap Wegen en Verkeer - AWV717
N0769021;0.1;-83;1.5;89;Agentschap Wegen en Verkeer - AWV718
N0769041;0;0;0;3720;Gemeente - GemeenteDiepenbeek
N0769081;0;7;0;356;Gemeente - GemeenteBree
N0769081;0;356;0;2879;Gemeente - GemeenteBocholt
N0769101;0;0;0;176;Gemeente - GemeenteBree
N0769111;0;0;0.8;9;Agentschap Wegen en Verkeer - AWV719
N0770001;2.5;-93;4.3;27;Agentschap Wegen en Verkeer - AWV720
N0770001;4.3;27;16.6;69;Agentschap Wegen en Verkeer - AWV718
N0779011;0;-4;1.4;92;Agentschap Wegen en Verkeer - AWV718
N0779011;0;2405;0;2836;Gemeente - GemeenteLanaken
N0779021;0.1;0;0.8;6;Agentschap Wegen en Verkeer - AWV718
N0780001;0;-10;1.3;-28;Agentschap Wegen en Verkeer - AWV719
N0780001;1.3;-28;43;63;Agentschap Wegen en Verkeer - AWV718
N0789011;0;0;0;2602;Gemeente - GemeenteLanaken
N0789021;0;-7;1.6;50;Agentschap Wegen en Verkeer - AWV718
N0789021;1.6;50;2.4;-84;Gemeente - GemeenteMaaseik
N0789021;2.4;-84;2.9;39;Agentschap Wegen en Verkeer - AWV718
N0790001;0.4;-57;19.9;65;Agentschap Wegen en Verkeer - AWV719
N0790001;21.7;0;34.1;5;Agentschap Wegen en Verkeer - AWV719
N0799011;1.3;-63;2.3;30;Agentschap Wegen en Verkeer - AWV719
N0799021;0;-4;1.7;0;Agentschap Wegen en Verkeer - AWV719
N0799031;0;0;0;360;Agentschap Wegen en Verkeer - AWV719
N0800001;1.4;-1383;1.4;-87;Gemeente - GemeenteHasselt
N0800001;1.4;-87;4.5;-46;Agentschap Wegen en Verkeer - AWV720
N0800001;4.5;-46;27.9;38;Agentschap Wegen en Verkeer - AWV719
N0800001;27.9;38;32.6;23;Agentschap Wegen en Verkeer - AWV214
N0809011;0;-11;0.9;51;Agentschap Wegen en Verkeer - AWV719
N0809021;0;-37;0.4;61;Agentschap Wegen en Verkeer - AWV719
N1010001;0;-10;30.9;24;Agentschap Wegen en Verkeer - AWV121
N1019011;0;0;1.74;0;Agentschap Wegen en Verkeer - AWV121
N1019021;0;-14;0.67;0;Agentschap Wegen en Verkeer - AWV121
N1019041;0;0;0;2021;Agentschap Wegen en Verkeer - AWV121
N1020001;0.2;-200;4.2;98;Agentschap Wegen en Verkeer - AWV114
N1030001;0;-30;6.8;94;Agentschap Wegen en Verkeer - AWV114
N1040001;0;0;0;2404;Gemeente - GemeenteBeerse
N1040001;0;2404;0;4489;Gemeente - GemeenteLille
N1050001;0;-5;0.2;0;Agentschap Wegen en Verkeer - AWV112
N1050001;0.3;0;2.7;45;Agentschap Wegen en Verkeer - AWV112
N1060001;0;0;0;1750;Gemeente - GemeenteAntwerpen
N1060001;0;1750;0;4209;Gemeente - GemeenteEdegem
N1069011;0;0;0;345;Gemeente - GemeenteEdegem
N1070001;0;-12;1.1;80;Agentschap Wegen en Verkeer - AWV121
N1080001;0;-4;2.3;-29;Agentschap Wegen en Verkeer - AWV123
N1080001;2.3;-29;6.3;19;Agentschap Wegen en Verkeer - AWV112
N1090001;0;-10;4.5;69;Agentschap Wegen en Verkeer - AWV112
N1100001;0;-8;5.3;55;Agentschap Wegen en Verkeer - AWV114
N1100001;5.3;55;6.3;-50;Gemeente - GemeenteMeerhout
N1100001;6.3;-50;10.1;13;Agentschap Wegen en Verkeer - AWV114
N1100001;10.1;13;11.6;98;Agentschap Wegen en Verkeer - AWV717
N1109011;0;-13;0.7;76;Agentschap Wegen en Verkeer - AWV114
N1110001;0;-6;4.4;91;Agentschap Wegen en Verkeer - AWV121
N1110001;4.4;91;18.8;199;Agentschap Wegen en Verkeer - AWV123
N1120001;1.2;0;3.9;53;Agentschap Wegen en Verkeer - AWV123
N1130001;0;0;0;1520;Gemeente - GemeenteAntwerpen
N1140001;0;-8;1.7;53;Agentschap Wegen en Verkeer - AWV121
N1140001;1.7;53;2.6;-81;Gemeente - GemeenteAntwerpen
N1140001;2.6;-81;10.1;94;Agentschap Wegen en Verkeer - AWV121
N1149011;0;-3;0;578;Agentschap Wegen en Verkeer - AWV121
N1149021;0;0;0;83;Agentschap Wegen en Verkeer - AWV121
N1150001;0.1;-97;0.4;28;Agentschap Wegen en Verkeer - AWV121
N1150001;0.4;28;17.8;87;Agentschap Wegen en Verkeer - AWV123
N1150001;17.8;87;18.9;-57;Gemeente - GemeenteBrecht
N1150001;18.9;-57;25;46;Agentschap Wegen en Verkeer - AWV123
N1150001;25;46;28.4;13;Agentschap Wegen en Verkeer - AWV125
N1159011;0.1;-88;0.8;4;Agentschap Wegen en Verkeer - AWV123
N1159021;0;-4;2.2;80;Agentschap Wegen en Verkeer - AWV123
N1160001;0;-6;3.2;-9;Agentschap Wegen en Verkeer - AWV121
N1160001;3.2;-9;15.4;-20;Agentschap Wegen en Verkeer - AWV123
N1160001;15.4;-20;18.1;77;Agentschap Wegen en Verkeer - AWV114
N1169011;0;0;0;1744;Gemeente - GemeenteAntwerpen
N1169011;0;1744;0;1871;Agentschap Wegen en Verkeer - AWV123
N1170001;0;-8;21.5;3;Agentschap Wegen en Verkeer - AWV123
N1180001;0.1;-84;7.3;-12;Agentschap Wegen en Verkeer - AWV114
N1180001;7.3;-12;12.5;90;Agentschap Wegen en Verkeer - AWV125
N1180001;12.5;90;13.5;-77;Gemeente - GemeenteRetie
N1180001;13.5;-77;31.2;82;Agentschap Wegen en Verkeer - AWV125
N1190001;0;-9;7.3;5;Agentschap Wegen en Verkeer - AWV125
N1200001;0;-15;3.2;42;Agentschap Wegen en Verkeer - AWV121
N1200001;3.2;42;4.6;83;Agentschap Wegen en Verkeer - AWV123
N1200001;4.6;88;4.6;1344;Gemeente - GemeenteWijnegem
N1210001;0;-18;9.4;54;Agentschap Wegen en Verkeer - AWV123
N1220001;0;-42;15.4;8;Agentschap Wegen en Verkeer - AWV123
N1230001;1.3;-81;4.2;24;Agentschap Wegen en Verkeer - AWV114
N1230001;4.2;24;20.7;99;Agentschap Wegen en Verkeer - AWV125
N1230001;20.7;99;20.7;479;Gemeente - GemeenteRetie
N1230001;21.2;-4;26.2;1;Agentschap Wegen en Verkeer - AWV125
N1230001;26.2;1;33.3;0;Agentschap Wegen en Verkeer - AWV114
N1240001;1.3;-1295;1.3;-21;Gemeente - GemeenteTurnhout
N1240001;1.3;-21;15.2;43;Agentschap Wegen en Verkeer - AWV125
N1250001;0;0;0;6498;Gemeente - GemeenteEssen
N1260001;0.5;-496;0.5;-57;Gemeente - GemeenteGeel
N1260001;0.5;-57;11.3;-23;Agentschap Wegen en Verkeer - AWV114
N1260001;11.3;-23;13;36;Agentschap Wegen en Verkeer - AWV717
N1270001;0.1;-101;5;8;Agentschap Wegen en Verkeer - AWV214
N1270001;5;8;7.9;-45;Agentschap Wegen en Verkeer - AWV717
N1270001;7.9;-45;14.7;34;Agentschap Wegen en Verkeer - AWV114
N1280001;0;-4;3;31;Agentschap Wegen en Verkeer - AWV125
N1290001;0;-15;2.5;99;Agentschap Wegen en Verkeer - AWV121
N1299011;0;0;0;44;Agentschap Wegen en Verkeer - AWV121
N1299011;0;44;0.3;95;Gemeente - GemeenteAntwerpen
N1300001;0;-11;1.5;90;Agentschap Wegen en Verkeer - AWV121
N1310001;1.9;-1913;1.9;-36;Gemeente - GemeenteBrecht
N1310001;1.9;-36;3.6;-42;Agentschap Wegen en Verkeer - AWV123
N1310001;3.6;-42;6.2;27;Agentschap Wegen en Verkeer - AWV125
N1310001;6.3;-7;13.9;40;Agentschap Wegen en Verkeer - AWV125
N1320001;0;-6;17;133;Agentschap Wegen en Verkeer - AWV125
N1330001;0;-2;25.6;152;Agentschap Wegen en Verkeer - AWV123
N1330001;25.6;152;25.6;1468;Gemeente - GemeenteEssen
N1340001;0;0;6;35;Agentschap Wegen en Verkeer - AWV125
N1350001;0;0;0;2794;Gemeente - GemeenteRavels
N1360001;0;-3;13.3;66;Agentschap Wegen en Verkeer - AWV114
N1370001;0;-7;2.4;15;Agentschap Wegen en Verkeer - AWV125
N1380001;0;-22;1.6;0;Agentschap Wegen en Verkeer - AWV125
N1390001;0;-41;10.1;38;Agentschap Wegen en Verkeer - AWV125
N1399011;4;0;4;2671;Gemeente - GemeenteArendonk
N1400001;0.1;-95;11;41;Agentschap Wegen en Verkeer - AWV125
N1410001;0;-17;7.9;-8;Agentschap Wegen en Verkeer - AWV114
N1410001;7.9;-8;19.1;63;Agentschap Wegen en Verkeer - AWV717
N1420001;0.6;-67;1.2;69;Agentschap Wegen en Verkeer - AWV114
N1440001;0;-11;3;0;Agentschap Wegen en Verkeer - AWV125
N1440001;3;0;11.3;74;Agentschap Wegen en Verkeer - AWV123
N1460001;0;-6;5.9;94;Agentschap Wegen en Verkeer - AWV125
N1480001;0;-30;5.8;50;Agentschap Wegen en Verkeer - AWV121
N1480001;5.8;50;5.8;3111;Gemeente - GemeenteHemiksem
N1480001;5.8;3111;5.8;4811;Gemeente - GemeenteSchelle
N1480001;5.8;4811;5.8;7805;Gemeente - GemeenteNiel
N1480001;5.8;7805;5.8;9570;Gemeente - GemeenteBoom
N1490001;0;0;0;2554;Gemeente - GemeenteWillebroek
N1490001;0;2554;0;7963;Gemeente - GemeentePuurs-Sint-Amands
N1500001;0.1;-110;0.8;53;Agentschap Wegen en Verkeer - AWV121
N1510001;0;-27;0;501;Agentschap Wegen en Verkeer - AWV121
N1520001;0;0;9;91;Agentschap Wegen en Verkeer - AWV114
N1520001;9;91;10.1;-50;Gemeente - GemeenteWesterlo
N1520001;10.1;-50;13.2;65;Agentschap Wegen en Verkeer - AWV114
N1529011;0;-9;1.1;19;Agentschap Wegen en Verkeer - AWV114
N1530001;0;-18;6.3;-10;Agentschap Wegen en Verkeer - AWV114
N1530001;6.3;-10;14.5;-19;Agentschap Wegen en Verkeer - AWV125
N1530001;14.5;-19;25.7;124;Agentschap Wegen en Verkeer - AWV123
N1539011;0;0;0;1837;Gemeente - GemeenteBrecht
N1540001;0;-3;0.7;109;Agentschap Wegen en Verkeer - AWV123
N1550001;0;-3;1.1;23;Agentschap Wegen en Verkeer - AWV121
N1559011;0;0;0;457;Agentschap Wegen en Verkeer - AWV121
N1560001;7.2;-7199;7.2;-3614;Gemeente - GemeenteOlen
N1560001;7.2;-3614;7.2;-77;Gemeente - GemeenteWesterlo
N1560001;7.2;-77;20.9;-37;Agentschap Wegen en Verkeer - AWV114
N1560001;20.9;-37;22.5;89;Agentschap Wegen en Verkeer - AWV717
N1590001;0;0;0;10706;Gemeente - GemeenteBornem
N1650001;0;-22;3.4;60;Agentschap Wegen en Verkeer - AWV114
N1710001;0;-12;6.5;58;Agentschap Wegen en Verkeer - AWV121
N1710001;9.1;-60;10.3;0;Agentschap Wegen en Verkeer - AWV121
N1719011;0.2;-201;0.8;318;Agentschap Wegen en Verkeer - AWV121
N1730001;0;-19;6.2;68;Agentschap Wegen en Verkeer - AWV121
N1740001;0;-1;8.3;32;Agentschap Wegen en Verkeer - AWV114
N1740001;8.3;32;15.1;5;Agentschap Wegen en Verkeer - AWV717
N1740001;15.1;5;18;140;Agentschap Wegen en Verkeer - AWV214
N1770001;13.8;28;15.4;67;Agentschap Wegen en Verkeer - AWV112
N1770002;0.1;-46;13.8;27;Agentschap Wegen en Verkeer - AWV121
N1779011;0;0;0;175;Gemeente - GemeenteBoom
N1779021;0;0;0;281;Gemeente - GemeenteRumst
N1790001;0;-15;3.2;76;Agentschap Wegen en Verkeer - AWV123
N1800001;0.4;-381;0.4;-51;Gemeente - GemeenteAntwerpen
N1800001;0.4;-51;16.8;108;Agentschap Wegen en Verkeer - AWV121
N1830001;0;0;0;4309;Gemeente - GemeenteWillebroek
N1830001;0;4310;0;8729;Gemeente - GemeentePuurs-Sint-Amands
N1840001;0.2;-197;0.2;-77;Gemeente - GemeenteAntwerpen
N1840001;0.2;-77;3.2;18;Agentschap Wegen en Verkeer - AWV121
N1860001;0.2;-167;1.2;90;Agentschap Wegen en Verkeer - AWV121
N2020001;0.1;-95;4.1;90;Agentschap Wegen en Verkeer - AWV212
N2030001;0;-1;0.4;18;Agentschap Wegen en Verkeer - AWV211
N2030001;0.4;18;0.4;1040;Gemeente - GemeenteHalle
N2070001;0;-5;4.2;109;Agentschap Wegen en Verkeer - AWV211
N2080001;0.5;-499;3.9;165;Agentschap Wegen en Verkeer - AWV211
N2090001;1.6;-1403;1.6;-81;Brussels Gewest - Brussels Gewest
N2090001;1.6;-81;1.8;10;Agentschap Wegen en Verkeer - AWV212
N2110002;0;-33;23.8;42;Agentschap Wegen en Verkeer - AWV212
N2119011;0.2;-134;0.4;301;Agentschap Wegen en Verkeer - AWV212
N2119021;0;-9;0.8;87;Agentschap Wegen en Verkeer - AWV212
N2119031;0;-29;0.628;0;Agentschap Wegen en Verkeer - AWV212
N2120001;0.1;-93;5.6;32;Agentschap Wegen en Verkeer - AWV114
N2120001;5.6;32;14.2;0;Agentschap Wegen en Verkeer - AWV214
N2140001;0;0;0;795;Gemeente - GemeenteTienen
N2180001;0;0;0;1445;Gemeente - GemeenteOverijse
N2210001;1.7;-25;3.1;99;Agentschap Wegen en Verkeer - AWV214
N2210001;3.1;99;3.1;3431;Gemeente - GemeenteHoegaarden
N2230001;0;-3;20.6;89;Agentschap Wegen en Verkeer - AWV214
N2240001;0;-18;0.9;63;Agentschap Wegen en Verkeer - AWV211
N2260001;4.3;-4300;4.3;-13;Brussels Gewest - Brussels Gewest
N2260001;4.3;-13;5.6;50;Agentschap Wegen en Verkeer - AWV212
N2260001;5.6;50;5.6;483;Gemeente - GemeenteWezembeek-Oppem
N2270001;0;-35;2.2;34;Agentschap Wegen en Verkeer - AWV112
N2270001;2.2;34;11.9;56;Agentschap Wegen en Verkeer - AWV212
N2270001;0;12100;0;14011;Gemeente - GemeenteSteenokkerzeel
N2270001;14.6;-394;23.8;144;Agentschap Wegen en Verkeer - AWV212
N2279011;0.8;-230;0.9;81;Agentschap Wegen en Verkeer - AWV112
N2279021;0;0;2.2;7;Agentschap Wegen en Verkeer - AWV212
N2279031;0;-7;0.1;24;Agentschap Wegen en Verkeer - AWV212
N2279041;0;0;0;97;Gemeente - GemeenteMechelen
N2290001;0;-8;5.7;19;Agentschap Wegen en Verkeer - AWV213
N2310001;0;-10;7.6;173;Agentschap Wegen en Verkeer - AWV211
N2340001;0;-16;2.4;102;Agentschap Wegen en Verkeer - AWV214
N2340001;2.4;102;2.4;237;Gemeente - GemeenteBoutersem
N2350001;5.5;-5512;5.5;-81;Brussels Gewest - Brussels Gewest
N2350002;5.5;-81;13.2;-2;Agentschap Wegen en Verkeer - AWV211
N2350002;13.2;-2;13.2;31;Waals Gewest - Waals Gewest
N2490001;0;-14;2.4;24;Agentschap Wegen en Verkeer - AWV211
N2510001;0.3;-323;4.8;49;Agentschap Wegen en Verkeer - AWV213
N2530001;0;-9;21;0;Agentschap Wegen en Verkeer - AWV213
N2550001;0.5;-120;10;-32;Agentschap Wegen en Verkeer - AWV211
N2550001;10;-32;15.3;59;Agentschap Wegen en Verkeer - AWV415
N2580001;0;-6;2.4;162;Agentschap Wegen en Verkeer - AWV214
N2580001;2.4;162;2.4;528;Gemeente - GemeenteTielt-Winge
N2590001;0;0;0;12343;Gemeente - GemeenteLonderzeel
N2600001;5.8;-178;7.3;38;Agentschap Wegen en Verkeer - AWV212
N2610001;5.7;-5693;5.7;-100;Brussels Gewest - Brussels Gewest
N2610001;5.7;-100;6.8;25;Agentschap Wegen en Verkeer - AWV211
N2619011;0;-11;0.2;4;Agentschap Wegen en Verkeer - AWV211
N2619021;0;0;0.4;84;Agentschap Wegen en Verkeer - AWV211
N2620001;0;0;0;2597;Gemeente - GemeenteZaventem
N2620001;0;2597;0;2668;Privaatbeheer - Privaatbeheer
N2630001;0;-6;1.5;-15;Agentschap Wegen en Verkeer - AWV415
N2630001;1.5;-15;5.9;38;Agentschap Wegen en Verkeer - AWV211
N2640001;0;0;2.3;27;Agentschap Wegen en Verkeer - AWV213
N2660001;3.5;-3506;3.5;-95;Brussels Gewest - Brussels Gewest
N2660001;3.5;-95;5.8;38;Agentschap Wegen en Verkeer - AWV211
N2670001;0;-19;0.4;-40;Agentschap Wegen en Verkeer - AWV112
N2670001;0.4;-40;6.2;130;Agentschap Wegen en Verkeer - AWV212
N2670002;0;-19;0.4;-42;Agentschap Wegen en Verkeer - AWV213
N2690001;0;-11;3.1;56;Agentschap Wegen en Verkeer - AWV211
N2700001;0;-9;2.8;199;Gemeente - GemeenteZemst
N2720001;0;-14;17.2;-35;Agentschap Wegen en Verkeer - AWV211
N2720001;17.2;-35;18.4;27;Agentschap Wegen en Verkeer - AWV415
N2750001;2.9;-2898;3.1;-43;Brussels Gewest - Brussels Gewest
N2750001;3.1;-43;6.2;29;Agentschap Wegen en Verkeer - AWV213
N2760001;0;0;0;961;Brussels Gewest - Brussels Gewest
N2760001;1;-45;8.7;108;Agentschap Wegen en Verkeer - AWV212
N2760001;20;-6;21.1;269;Agentschap Wegen en Verkeer - AWV212
N2769011;0;0;0;191;Agentschap Wegen en Verkeer - AWV212
N2769021;0;0;0;739;Gemeente - GemeenteGrimbergen
N2769031;0;-8;0;126;Agentschap Wegen en Verkeer - AWV212
N2770001;6.1;-6149;6.1;-132;Brussels Gewest - Brussels Gewest
N2770001;6.1;-132;11.6;35;Agentschap Wegen en Verkeer - AWV212
N2770001;0;11617;0;12336;Gemeente - GemeenteMeise
N2779021;0;0;0;73;Agentschap Wegen en Verkeer - AWV212
N2780001;0;-5;1.4;73;Agentschap Wegen en Verkeer - AWV212
N2780001;1.4;73;1.4;1561;Gemeente - GemeenteVilvoorde
N2780001;1.4;1561;1.4;2731;Gemeente - GemeenteMachelen
N2789011;0;0;0;1348;Gemeente - GemeenteVilvoorde
N2790001;0;-15;6.2;54;Agentschap Wegen en Verkeer - AWV214
N2820001;3.9;-3902;3.9;-86;Brussels Gewest - Brussels Gewest
N2820001;3.9;-86;14;33;Agentschap Wegen en Verkeer - AWV211
N2830001;0;-7;10;83;Agentschap Wegen en Verkeer - AWV214
N2839011;0;0;0;796;Gemeente - GemeenteLanden
N2850001;0.1;-94;3.5;-29;Agentschap Wegen en Verkeer - AWV212
N2850001;3.5;-29;26.1;0;Agentschap Wegen en Verkeer - AWV211
N2860001;0;0;0;740;Gemeente - GemeenteHerent
N2860001;0;740;0;6681;Gemeente - GemeenteHaacht
N2860001;0;6681;0;8460;Gemeente - GemeenteRotselaar
N2870001;0;0;3.5;13;Agentschap Wegen en Verkeer - AWV214
N2900001;4.7;-65;4.7;-45;Gemeente - GemeenteWemmel
N2900001;4.7;-45;14.3;81;Agentschap Wegen en Verkeer - AWV212
N3000001;0;-21;5.2;21;Agentschap Wegen en Verkeer - AWV311
N3009011;5;-36;5.8;100;Agentschap Wegen en Verkeer - AWV311
N3010001;0;-7;14.6;34;Agentschap Wegen en Verkeer - AWV313
N3020001;0;-19;3.6;-6;Agentschap Wegen en Verkeer - AWV313
N3020001;3.6;-6;6.7;94;Agentschap Wegen en Verkeer - AWV315
N3029011;0;0;0;387;Gemeente - GemeenteMiddelkerke
N3030001;0;-4;5.1;20;Agentschap Wegen en Verkeer - AWV312
N3030001;5.1;20;17.4;-21;Agentschap Wegen en Verkeer - AWV313
N3030001;17.4;-21;18;94;Agentschap Wegen en Verkeer - AWV316
N3040001;0;-5;0.1;95;Agentschap Wegen en Verkeer - AWV313
N3040001;0.1;95;1.3;-52;Gemeente - GemeentePoperinge
N3040001;1.3;-52;11.7;28;Agentschap Wegen en Verkeer - AWV313
N3050001;0;-16;9.5;37;Agentschap Wegen en Verkeer - AWV316
N3060001;0;-4;2.2;17;Agentschap Wegen en Verkeer - AWV315
N3070001;0.2;-13;6.3;-32;Agentschap Wegen en Verkeer - AWV311
N3070001;6.3;-32;7.1;72;Agentschap Wegen en Verkeer - AWV315
N3080001;0.1;-97;0.1;-23;Gemeente - GemeenteIeper
N3080001;0.1;-23;9.4;62;Agentschap Wegen en Verkeer - AWV313
N3080001;9.4;62;10.9;164;Gemeente - GemeentePoperinge
N3080001;11.1;-48;23.3;81;Agentschap Wegen en Verkeer - AWV313
N3090001;0;-9;6.1;8;Agentschap Wegen en Verkeer - AWV311
N3100001;0;-4;0.4;40;Agentschap Wegen en Verkeer - AWV311
N3100001;0;636;0;1617;Vlaamse Overheid - Vlaamse Overheid
N3110001;0;-20;4.7;17;Agentschap Wegen en Verkeer - AWV312
N3110001;4.7;17;4.7;36;Agentschap Wegen en Verkeer - AWV313
N3120001;0;-14;2;78;Agentschap Wegen en Verkeer - AWV311
N3130001;0;0;0;3772;Gemeente - GemeenteIeper
N3130001;3.9;-12;11.2;-34;Agentschap Wegen en Verkeer - AWV313
N3130001;11.2;-34;17.9;48;Agentschap Wegen en Verkeer - AWV316
N3130001;17.9;48;17.9;5583;Gemeente - GemeenteHooglede
N3140001;0;-10;8.1;65;Agentschap Wegen en Verkeer - AWV313
N3150001;0;-4;5;70;Agentschap Wegen en Verkeer - AWV313
N3170001;0;0;0;9770;Gemeente - GemeenteDe Haan
N3170001;0;9770;0;11338;Gemeente - GemeenteZuienkerke
N3170001;0;11609;0;12711;Gemeente - GemeenteDe Haan
N3180001;2.3;-2300;2.3;-71;Gemeente - GemeenteOostende
N3180001;2.3;-71;15.7;8;Agentschap Wegen en Verkeer - AWV315
N3190001;0;0;9.7;75;Agentschap Wegen en Verkeer - AWV313
N3200001;0;0;1.9;38;Agentschap Wegen en Verkeer - AWV315
N3209011;0.7;-18;1.8;26;Agentschap Wegen en Verkeer - AWV315
N3210001;0;-9;0.1;32;Gemeente - GemeentePoperinge
N3210001;0.1;32;10.3;79;Agentschap Wegen en Verkeer - AWV313
N3219011;0;0;0;1207;Gemeente - GemeenteVleteren
N3220001;0;-13;5.6;51;Agentschap Wegen en Verkeer - AWV313
N3230001;0;-21;1;95;Agentschap Wegen en Verkeer - AWV312
N3239011;0;-71;0.9;84;Agentschap Wegen en Verkeer - AWV312
N3239021;0;-8;0.9;73;Agentschap Wegen en Verkeer - AWV312
N3240001;0;0;0;4148;Gemeente - GemeenteMiddelkerke
N3250001;0.5;-494;0.5;-58;Gemeente - GemeenteMiddelkerke
N3250001;0.5;-58;4.3;43;Agentschap Wegen en Verkeer - AWV315
N3259011;0;-8;1.2;39;Agentschap Wegen en Verkeer - AWV315
N3260001;0;-21;4.6;12;Agentschap Wegen en Verkeer - AWV311
N3270001;0.8;-801;0.8;-95;Gemeente - GemeenteWingene
N3270001;0.8;-95;20.2;33;Agentschap Wegen en Verkeer - AWV316
N3279011;0;-6;0.9;38;Agentschap Wegen en Verkeer - AWV316
N3299011;0;-3;0;28;Agentschap Wegen en Verkeer - AWV315
N3299021;0;-2;0;32;Agentschap Wegen en Verkeer - AWV315
N3299031;0;0;0;142;Gemeente - GemeenteBredene
N3299041;0;0;0;176;Gemeente - GemeenteBredene
N3299051;0;0;0;87;Gemeente - GemeenteBredene
N3299061;0;-8;0.2;100;Agentschap Wegen en Verkeer - AWV315
N3299071;0;-1;0;33;Agentschap Wegen en Verkeer - AWV315
N3300001;0.1;-73;1.6;11;Agentschap Wegen en Verkeer - AWV313
N3300001;1.6;11;5.7;17;Agentschap Wegen en Verkeer - AWV315
N3300001;5.8;-77;7.7;82;Gemeente - GemeenteKoksijde
N3309011;0;0;0;964;Gemeente - GemeenteKoksijde
N3310001;0;-6;15.1;0;Agentschap Wegen en Verkeer - AWV313
N3320001;6;-6021;6;-2551;Gemeente - GemeenteIeper
N3320001;6;-2551;6;-21;Gemeente - GemeenteZonnebeke
N3320001;6;-21;8.1;55;Agentschap Wegen en Verkeer - AWV313
N3330001;0;-28;7.3;60;Agentschap Wegen en Verkeer - AWV313
N3330001;7.3;60;9;-94;Gemeente - GemeentePoperinge
N3330001;9;-94;14.4;129;Agentschap Wegen en Verkeer - AWV313
N3340001;0;0;0;2027;Gemeente - GemeenteOostende
N3350001;3;-3004;3;-56;Gemeente - GemeenteBlankenberge
N3350001;3;-56;3.7;40;Agentschap Wegen en Verkeer - AWV311
N3360001;1;-987;1;-8;Gemeente - GemeenteIeper
N3360001;1;-8;10.4;77;Agentschap Wegen en Verkeer - AWV313
N3370001;0;-11;13.8;-45;Agentschap Wegen en Verkeer - AWV311
N3370001;13.8;-45;15.6;119;Agentschap Wegen en Verkeer - AWV413
N3379011;0;-16;0.1;45;Agentschap Wegen en Verkeer - AWV311
N3380001;0;-12;2.3;58;Agentschap Wegen en Verkeer - AWV312
N3390001;0;-1;1.6;39;Agentschap Wegen en Verkeer - AWV311
N3400001;0.1;-83;1.5;3;Agentschap Wegen en Verkeer - AWV315
N3410001;0;-5;2.4;2;Agentschap Wegen en Verkeer - AWV315
N3420001;0;-11;3;29;Agentschap Wegen en Verkeer - AWV311
N3430001;0;-7;2.1;20;Agentschap Wegen en Verkeer - AWV312
N3430001;2.1;20;2.5;0;Gemeente - GemeenteWevelgem
N3440001;0;0;0;882;Gemeente - GemeenteIeper
N3450001;0;0;0;1330;Gemeente - GemeenteIeper
N3460001;0;-2;4.9;34;Agentschap Wegen en Verkeer - AWV315
N3470001;0.9;-893;0.9;-55;Gemeente - GemeentePoperinge
N3470001;0.9;-55;2.5;34;Agentschap Wegen en Verkeer - AWV313
N3480001;5;-301;7;71;Agentschap Wegen en Verkeer - AWV311
N3480001;7;71;7;5354;Vlaamse Overheid - Vlaamse Overheid
N3500001;0;-13;4.8;89;Agentschap Wegen en Verkeer - AWV311
N3510001;0;0;1.8;92;Agentschap Wegen en Verkeer - AWV311
N3530001;0;-12;9.7;42;Agentschap Wegen en Verkeer - AWV312
N3530001;9.7;42;9.7;1848;Waals Gewest - Waals Gewest
N3550001;0;0;2.3;-35;Agentschap Wegen en Verkeer - AWV313
N3550001;2.3;-35;10.4;64;Agentschap Wegen en Verkeer - AWV315
N3560001;0;-11;3.1;16;Agentschap Wegen en Verkeer - AWV315
N3569011;0;0;1.1;59;Agentschap Wegen en Verkeer - AWV315
N3570001;4.1;-4105;4.1;-86;Gemeente - GemeenteRoeselare
N3570001;4.1;-86;10.3;72;Agentschap Wegen en Verkeer - AWV316
N3570001;10.7;-335;10.7;-32;Gemeente - GemeenteIngelmunster
N3570001;10.7;-32;15.5;17;Agentschap Wegen en Verkeer - AWV316
N3570001;15.5;17;16.7;18;Gemeente - GemeenteOostrozebeke
N3570001;16.7;18;22;53;Agentschap Wegen en Verkeer - AWV316
N3570001;22;53;23;4;Gemeente - GemeenteWaregem
N3570001;23;4;24.7;24;Agentschap Wegen en Verkeer - AWV312
N3570001;24.7;24;27.3;-52;Gemeente - GemeenteWaregem
N3570001;27.3;-52;27.4;8;Agentschap Wegen en Verkeer - AWV312
N3580001;0;-4;25.3;17;Agentschap Wegen en Verkeer - AWV315
N3589011;0;-7;0.3;60;Agentschap Wegen en Verkeer - AWV315
N3590001;0;0;0;3164;Gemeente - GemeenteKnokke-Heist
N3600001;0;0;0;1316;Gemeente - GemeenteKnokke-Heist
N3620001;0;-5;1.5;33;Agentschap Wegen en Verkeer - AWV312
N3630001;0;-33;3.6;39;Agentschap Wegen en Verkeer - AWV315
N3630001;3.6;39;13.1;13;Agentschap Wegen en Verkeer - AWV313
N3640001;0;-15;21.8;31;Agentschap Wegen en Verkeer - AWV313
N3650001;0;-5;6.6;53;Agentschap Wegen en Verkeer - AWV313
N3660001;0.9;-899;0.9;-58;Gemeente - GemeenteMenen
N3660001;0.9;-58;6.7;4;Agentschap Wegen en Verkeer - AWV312
N3670001;0;0;12.3;-48;Agentschap Wegen en Verkeer - AWV311
N3670001;12.3;-48;35;43;Agentschap Wegen en Verkeer - AWV315
N3679011;0;0;0;583;Gemeente - GemeenteJabbeke
N3679031;0;-12;1.4;92;Agentschap Wegen en Verkeer - AWV315
N3680001;0;-25;1.8;-45;Agentschap Wegen en Verkeer - AWV413
N3680001;1.8;-45;29.5;-35;Agentschap Wegen en Verkeer - AWV311
N3680001;29.5;-35;39.8;57;Agentschap Wegen en Verkeer - AWV315
N3689031;0;-16;1.8;76;Agentschap Wegen en Verkeer - AWV315
N3690001;0.1;-46;30.6;-34;Agentschap Wegen en Verkeer - AWV313
N3690001;30.6;-34;34.8;50;Agentschap Wegen en Verkeer - AWV315
N3699021;0;0;0;4906;Gemeente - GemeenteDiksmuide
N3700001;0;-28;5.4;46;Agentschap Wegen en Verkeer - AWV311
N3700001;5.4;46;21.6;-17;Agentschap Wegen en Verkeer - AWV316
N3700001;21.6;-17;22.2;-8;Gemeente - GemeenteLichtervelde
N3700001;22.2;-8;24.4;13;Agentschap Wegen en Verkeer - AWV316
N3709031;0;-7;0.6;0;Agentschap Wegen en Verkeer - AWV316
N3709261;0;-12;0.5;32;Agentschap Wegen en Verkeer - AWV316
N3709261;0.5;32;0.5;155;Gemeente - GemeenteWingene
N3710001;0.1;-44;11.6;66;Agentschap Wegen en Verkeer - AWV311
N3720001;0;-16;2.6;102;Agentschap Wegen en Verkeer - AWV313
N3730001;0;-8;2.7;93;Agentschap Wegen en Verkeer - AWV313
N3740001;1.8;-1764;1.8;-36;Gemeente - GemeenteBrugge
N3740001;1.8;-36;13;184;Agentschap Wegen en Verkeer - AWV311
N3740001;13;184;13;1159;Gemeente - GemeenteKnokke-Heist
N3740001;13;1159;13;1194;Agentschap Wegen en Verkeer - AWV311
N3750001;0;-4;13.7;4;Agentschap Wegen en Verkeer - AWV313
N3760001;0;-11;17.3;15;Agentschap Wegen en Verkeer - AWV311
N3769011;0;0;0;1050;Gemeente - GemeenteKnokke-Heist
N3769011;0;1050;0;1089;Agentschap Wegen en Verkeer - AWV311
N3770001;0;-1;6.4;8;Agentschap Wegen en Verkeer - AWV311
N3770001;6.4;8;6.8;52;Agentschap Wegen en Verkeer - AWV315
N3780001;0;-10;2.4;94;Agentschap Wegen en Verkeer - AWV311
N3790001;0;0;0;1736;Gemeente - GemeenteIeper
N3800001;0;-3;0.7;75;Agentschap Wegen en Verkeer - AWV315
N3810001;0;-9;3.8;64;Agentschap Wegen en Verkeer - AWV313
N3820001;0;-1;13.7;16;Agentschap Wegen en Verkeer - AWV312
N3820001;13.7;16;21.1;69;Agentschap Wegen en Verkeer - AWV316
N3829011;0;-4;1.4;18;Gemeente - GemeenteAnzegem
N3829011;1.4;18;2;9;Agentschap Wegen en Verkeer - AWV312
N3829021;0;-20;0.4;77;Agentschap Wegen en Verkeer - AWV312
N3829031;2.7;-607;2.7;-117;Gemeente - GemeenteIzegem
N3829031;2.7;-117;3.5;19;Agentschap Wegen en Verkeer - AWV316
N3829031;3.5;19;3.5;864;Gemeente - GemeenteRoeselare
N3849011;0;0;0;51;Agentschap Wegen en Verkeer - AWV311
N3860001;0;1;3.4;-1;Agentschap Wegen en Verkeer - AWV313
N3880001;0;0;0;832;Gemeente - GemeenteMiddelkerke
N3890001;0;0;0;554;Gemeente - GemeenteMiddelkerke
N3900001;0.1;-89;2.4;39;Agentschap Wegen en Verkeer - AWV313
N3900001;2.4;39;2.4;369;Privaatbeheer - Privaatbeheer
N3909011;0;-7;0.9;77;Agentschap Wegen en Verkeer - AWV313
N3910001;0;-13;6.5;45;Agentschap Wegen en Verkeer - AWV312
N3919011;0;-8;0.9;50;Agentschap Wegen en Verkeer - AWV312
N3919011;0.9;50;0.9;85;Waals Gewest - Waals Gewest
N3919021;0;-2;0.6;66;Agentschap Wegen en Verkeer - AWV312
N3920001;0.1;-95;0.8;70;Agentschap Wegen en Verkeer - AWV313
N3930001;0;0;0;689;Gemeente - GemeenteSpiere-Helkijn
N3959011;0;-17;3.3;10;Agentschap Wegen en Verkeer - AWV312
N3959021;0;-15;3.1;23;Agentschap Wegen en Verkeer - AWV312
N3959031;0;-5;1.4;78;Agentschap Wegen en Verkeer - AWV312
N3959041;0;-9;1.4;77;Agentschap Wegen en Verkeer - AWV312
N3959051;0;0;0;111;Agentschap Wegen en Verkeer - AWV312
N3960001;0;-10;10.6;-31;Agentschap Wegen en Verkeer - AWV315
N3960001;10.6;-31;10.8;32;Agentschap Wegen en Verkeer - AWV313
N3970001;0;-11;5.5;40;Agentschap Wegen en Verkeer - AWV311
N3980001;0;-4;1.7;13;Agentschap Wegen en Verkeer - AWV313
N3990001;0;-28;1.6;50;Agentschap Wegen en Verkeer - AWV316
N3990001;1.6;50;2.6;-36;Gemeente - GemeenteTielt
N3990001;2.6;-36;11;63;Agentschap Wegen en Verkeer - AWV316
N3990001;11;63;11;479;Gemeente - GemeenteIngelmunster
N3999011;0;0;0;3152;Gemeente - GemeenteMeulebeke
N3999021;0;0;0;650;Gemeente - GemeenteTielt
N4000001;0;-22;3.1;37;Agentschap Wegen en Verkeer - AWV414
N4000001;3.1;37;3.9;-18;Gemeente - GemeenteWetteren
N4000001;3.9;-18;4;24;Agentschap Wegen en Verkeer - AWV414
N4009011;0;-9;0.8;24;Agentschap Wegen en Verkeer - AWV414
N4009021;0;0;0;356;Gemeente - GemeenteWetteren
N4020001;0;-2;0.1;63;Agentschap Wegen en Verkeer - AWV412
N4030001;0;-13;11.2;2;Agentschap Wegen en Verkeer - AWV414
N4040001;0;0;0;32;Agentschap Wegen en Verkeer - AWV121
N4040001;0;32;1.2;415;Vlaamse Overheid - Vlaamse Overheid
N4050001;0.1;-92;12.5;31;Agentschap Wegen en Verkeer - AWV415
N4059011;0.1;-79;0.2;153;Gemeente - GemeenteAalst
N4059021;0;-4;0.12;0;Agentschap Wegen en Verkeer - AWV415
N4060001;0;-46;9.1;60;Agentschap Wegen en Verkeer - AWV415
N4070001;1.2;-1173;1.2;-73;Gemeente - GemeenteLokeren
N4070001;1.2;-73;7.6;89;Agentschap Wegen en Verkeer - AWV414
N4070001;7.7;-18;11.7;-43;Gemeente - GemeenteLaarne
N4070001;11.7;-43;14.9;24;Agentschap Wegen en Verkeer - AWV414
N4079011;10.2;-15;11.6;74;Agentschap Wegen en Verkeer - AWV414
N4080001;0;-6;0.6;48;Vlaamse Overheid - Vlaamse Overheid
N4090001;0;-10;11.3;9;Agentschap Wegen en Verkeer - AWV413
N4100001;0;-17;2.1;94;Agentschap Wegen en Verkeer - AWV413
N4109011;1.3;-1307;1.3;-62;Gemeente - GemeenteMaldegem
N4109011;1.3;-62;2;78;Agentschap Wegen en Verkeer - AWV413
N4110001;0;-6;7.9;-28;Agentschap Wegen en Verkeer - AWV415
N4110001;7.9;-28;8.2;62;Agentschap Wegen en Verkeer - AWV212
N4140001;0;-3;13;0;Agentschap Wegen en Verkeer - AWV411
N4150001;0;-16;0.2;18;Gemeente - GemeenteOosterzele
N4150001;0.2;18;7.8;-27;Agentschap Wegen en Verkeer - AWV412
N4150001;7.8;-27;8.8;-6;Agentschap Wegen en Verkeer - AWV411
N4150001;8.8;-6;20.7;29;Agentschap Wegen en Verkeer - AWV412
N4160001;0;0;12.8;-17;Agentschap Wegen en Verkeer - AWV415
N4160001;12.8;-17;16;6;Agentschap Wegen en Verkeer - AWV414
N4170001;0;-11;3.9;-91;Agentschap Wegen en Verkeer - AWV414
N4170001;3.9;-91;4;12;Gemeente - GemeenteWetteren
N4190001;0;-6;11.4;34;Agentschap Wegen en Verkeer - AWV414
N4190001;11.4;34;15.2;148;Agentschap Wegen en Verkeer - AWV121
N4200001;14;0;14;6243;Privaatbeheer - Privaatbeheer
N4220001;0;0;0;2355;Gemeente - GemeenteGent
N4229011;0;0;0;45;Gemeente - GemeenteGent
N4229021;0;0;0;100;Gemeente - GemeenteGent
N4230001;0;0;0.5;55;Agentschap Wegen en Verkeer - AWV411
N4240001;0;0;3.9;138;Agentschap Wegen en Verkeer - AWV411
N4250001;0;-2;6;13;Agentschap Wegen en Verkeer - AWV412
N4300001;0;0;0;2640;Gemeente - GemeenteGent
N4340001;0;-8;8.3;80;Agentschap Wegen en Verkeer - AWV413
N4350001;0;0;10.1;13;Agentschap Wegen en Verkeer - AWV412
N4360001;0;-7;1;-36;Agentschap Wegen en Verkeer - AWV411
N4360001;1;-36;15;59;Agentschap Wegen en Verkeer - AWV413
N4370001;0;0;6.7;10;Agentschap Wegen en Verkeer - AWV413
N4370001;7.7;-48;10.1;14;Agentschap Wegen en Verkeer - AWV413
N4370001;10.1;14;18.9;18;Agentschap Wegen en Verkeer - AWV411
N4370001;19;-83;29.8;46;Agentschap Wegen en Verkeer - AWV412
N4370001;29.8;46;31.9;8;Agentschap Wegen en Verkeer - AWV312
N4370001;31.9;8;31.9;1093;Gemeente - GemeenteWaregem
N4379011;0;-10;0.6;45;Gemeente - GemeenteDeinze
N4379021;0;-17;0;719;Gemeente - GemeenteDeinze
N4379021;1.1;-410;1.1;-53;Gemeente - GemeenteDeinze
N4379021;1.1;-53;2;44;Agentschap Wegen en Verkeer - AWV413
N4379031;0;-13;0.1;45;Agentschap Wegen en Verkeer - AWV413
N4380001;0;0;0;739;Agentschap Wegen en Verkeer - AWV411
N4390001;0;-12;1.6;347;Gemeente - GemeenteGavere
N4400001;0;-7;5.2;-17;Gemeente - GemeenteDeinze
N4400001;5.2;-17;5.6;70;Agentschap Wegen en Verkeer - AWV316
N4410001;0;-27;6.5;20;Agentschap Wegen en Verkeer - AWV412
N4420001;0.1;-89;9;23;Agentschap Wegen en Verkeer - AWV415
N4420001;9;23;9.1;52;Gemeente - GemeenteBerlare
N4440001;0;-9;0.7;31;Agentschap Wegen en Verkeer - AWV411
N4440001;3.6;31;15;14;Agentschap Wegen en Verkeer - AWV411
N4440002;0.7;31;2.3;-43;Gemeente - GemeenteGent
N4440002;2.3;-43;3.6;31;Gemeente - GemeenteMerelbeke
N4450001;5.4;-5385;5.4;-3885;Gemeente - GemeenteGent
N4450001;5.4;-3885;5.4;40;Gemeente - GemeenteDestelbergen
N4450001;5.4;40;7.8;-38;Agentschap Wegen en Verkeer - AWV411
N4450001;7.8;-38;24.2;70;Agentschap Wegen en Verkeer - AWV414
N4460001;0;-6;8.3;-21;Agentschap Wegen en Verkeer - AWV414
N4460001;8.3;-21;9.5;0;Agentschap Wegen en Verkeer - AWV415
N4470001;0;-9;5.3;74;Agentschap Wegen en Verkeer - AWV411
N4480001;0;-20;10.6;78;Agentschap Wegen en Verkeer - AWV413
N4489011;0;-3;1.2;31;Agentschap Wegen en Verkeer - AWV413
N4490001;0;-4;0.2;-33;Agentschap Wegen en Verkeer - AWV411
N4490001;0.2;-33;18.2;16;Agentschap Wegen en Verkeer - AWV414
N4500001;0;-6;2.7;495;Agentschap Wegen en Verkeer - AWV121
N4500002;2.7;496;2.7;5017;Gemeente - GemeenteBeveren
N4510001;0.2;-203;4.8;94;Gemeente - GemeenteSint-Niklaas
N4510001;4.8;94;4.8;10168;Gemeente - GemeenteBeveren
N4520001;3.8;-3799;3.8;-119;Gemeente - GemeenteNazareth
N4520001;4.2;86;4.6;82;Agentschap Wegen en Verkeer - AWV412
N4520001;4.6;82;6.1;30;Gemeente - GemeenteGavere
N4520002;3.8;-119;4.6;82;Agentschap Wegen en Verkeer - AWV411
N4530001;0;-24;0.5;1;Gemeente - GemeenteOudenaarde
N4530001;0.5;1;7.5;12;Agentschap Wegen en Verkeer - AWV412
N4530001;7.5;12;9.2;77;Agentschap Wegen en Verkeer - AWV312
N4540001;0;-4;22;74;Agentschap Wegen en Verkeer - AWV412
N4540001;22.1;-31;24.1;0;Gemeente - GemeenteZottegem
N4540001;24.1;0;25.3;28;Agentschap Wegen en Verkeer - AWV412
N4549011;22.6;-47;24;99;Agentschap Wegen en Verkeer - AWV412
N4550001;0.1;-62;12;27;Agentschap Wegen en Verkeer - AWV413
N4560001;0;0;4.3;9;Agentschap Wegen en Verkeer - AWV411
N4560001;4.3;9;28.7;15;Agentschap Wegen en Verkeer - AWV413
N4569051;0;-5;1.8;74;Gemeente - GemeenteGent
N4569061;0;-8;0;152;Gemeente - GemeenteGent
N4569071;0;-3;0;316;Gemeente - GemeenteGent
N4570001;0;0;6;207;Agentschap Wegen en Verkeer - AWV412
N4580001;0;-2;5.5;0;Agentschap Wegen en Verkeer - AWV411
N4580001;5.5;0;7.3;40;Gemeente - GemeenteEvergem
N4580001;7.3;40;24.9;16;Agentschap Wegen en Verkeer - AWV413
N4589011;8.7;-13;9.4;44;Agentschap Wegen en Verkeer - AWV413
N4590001;0;-4;0.3;-37;Gemeente - GemeenteOudenaarde
N4590001;0.3;-37;10.5;16;Agentschap Wegen en Verkeer - AWV412
N4590001;10.5;16;14;3;Agentschap Wegen en Verkeer - AWV413
N4590001;14;3;21.3;20;Agentschap Wegen en Verkeer - AWV316
N4600001;0;-9;19.5;14;Agentschap Wegen en Verkeer - AWV415
N4610001;0;-21;4.1;41;Agentschap Wegen en Verkeer - AWV411
N4610001;4.1;41;9.5;47;Agentschap Wegen en Verkeer - AWV413
N4610001;9.5;47;10.4;54;Gemeente - GemeenteDeinze
N4610001;10.4;54;23.6;10;Agentschap Wegen en Verkeer - AWV413
N4620001;0;-46;5.9;-16;Agentschap Wegen en Verkeer - AWV414
N4620001;5.9;-16;12.7;23;Agentschap Wegen en Verkeer - AWV412
N4620001;12.8;-90;15.7;-64;Gemeente - GemeenteZottegem
N4620001;15.7;-64;23.1;106;Agentschap Wegen en Verkeer - AWV412
N4629021;0;0;2.1;45;Agentschap Wegen en Verkeer - AWV412
N4629021;2.1;45;2.3;14;Gemeente - GemeenteBrakel
N4630001;0;-9;3.8;30;Gemeente - GemeenteEvergem
N4630001;3.8;30;3.9;40;Agentschap Wegen en Verkeer - AWV411
N4639011;0;-12;3.9;38;Agentschap Wegen en Verkeer - AWV411
N4640001;0;-12;2;0;Agentschap Wegen en Verkeer - AWV412
N4640001;2;0;8.1;102;Gemeente - GemeenteHerzele
N4650001;0;-8;3.3;9;Agentschap Wegen en Verkeer - AWV411
N4650001;3.3;9;5.8;64;Agentschap Wegen en Verkeer - AWV412
N4659011;0;-7;4;54;Agentschap Wegen en Verkeer - AWV412
N4659021;0;-12;1.497;4;Agentschap Wegen en Verkeer - AWV412
N4660001;0;-5;8.6;-37;Agentschap Wegen en Verkeer - AWV411
N4660001;8.6;-37;12.8;65;Agentschap Wegen en Verkeer - AWV413
N4660001;15.4;-811;15.9;53;Gemeente - GemeenteDeinze
N4669011;0;0;0;6;Agentschap Wegen en Verkeer - AWV412
N4669011;0;6;3.6;33;Agentschap Wegen en Verkeer - AWV413
N4669021;0;-5;0.6;1;Gemeente - GemeenteDeinze
N4669031;0.3;-72;1.3;38;Gemeente - GemeenteGent
N4670001;0;-8;6.5;56;Agentschap Wegen en Verkeer - AWV414
N4690001;0;-12;1.6;-25;Gemeente - GemeenteMerelbeke
N4690001;1.6;-25;3.5;27;Gemeente - GemeenteGent
N4700001;0;-23;3.2;14;Agentschap Wegen en Verkeer - AWV415
N4700001;3.2;14;4.8;16;Agentschap Wegen en Verkeer - AWV414
N4700001;4.8;16;6.7;6;Gemeente - GemeenteHamme
N4709011;0;-8;1.4;192;Gemeente - GemeenteHamme
N4709011;1.4;192;1.4;1347;Gemeente - GemeenteTemse
N4709021;0;0;0;138;Agentschap Wegen en Verkeer - AWV414
N4730001;0;0;3.2;17;Gemeente - GemeenteLokeren
N4739011;0;-25;0.5;767;Gemeente - GemeenteLokeren
N4739021;0;0;0;139;Gemeente - GemeenteLokeren
N4740001;0;-7;5.1;90;Agentschap Wegen en Verkeer - AWV411
N4740001;7.7;0;12.2;26;Agentschap Wegen en Verkeer - AWV411
N4850001;0;-11;4.9;-3;Agentschap Wegen en Verkeer - AWV121
N4850001;4.9;-3;9.8;60;Agentschap Wegen en Verkeer - AWV414
N4930001;0;-2;5.1;-13;Agentschap Wegen en Verkeer - AWV415
N4930001;5.1;-13;8.8;34;Agentschap Wegen en Verkeer - AWV412
N4940001;0;-8;2.8;-72;Gemeente - GemeenteDeinze
N4940001;2.8;-72;15.7;-10;Agentschap Wegen en Verkeer - AWV412
N4940001;15.7;-10;21;16;Agentschap Wegen en Verkeer - AWV312
N4950001;0;-22;3.469;2;Agentschap Wegen en Verkeer - AWV415
N4950001;7.5;0;8.2;29;Agentschap Wegen en Verkeer - AWV415
N4950001;8.2;29;15;13;Agentschap Wegen en Verkeer - AWV211
N4959011;0;0;4.424;15;Agentschap Wegen en Verkeer - AWV415
N4960001;0;-6;3.2;-19;Agentschap Wegen en Verkeer - AWV415
N4960001;3.2;-19;3.3;87;Gemeente - GemeenteGeraardsbergen
N4970001;0;0;0;717;Agentschap Wegen en Verkeer - AWV411
N4980001;0;-3;1.8;14;Agentschap Wegen en Verkeer - AWV413
N4990001;0;-18;2.5;-36;Gemeente - GemeenteEeklo
N4990001;2.5;-36;6;-21;Gemeente - GemeenteMaldegem
N4990001;6;-21;0;16587;Gemeente - GemeenteAalter
N5110001;0;-9;0.5;61;Agentschap Wegen en Verkeer - AWV312
N5120001;0;-11;2.4;57;Agentschap Wegen en Verkeer - AWV312
N5150001;0;-3;1.2;18;Agentschap Wegen en Verkeer - AWV312
N6020001;2.4;-89;3.3;87;Agentschap Wegen en Verkeer - AWV719
N6080001;10.9;-59;13.9;65;Agentschap Wegen en Verkeer - AWV719
N6140001;22.4;-80;27.4;70;Agentschap Wegen en Verkeer - AWV719
N6149011;0;0;0;2978;Gemeente - GemeenteTongeren
N6180001;0;0;4.5;57;Agentschap Wegen en Verkeer - AWV719
N6180001;4.5;57;4.5;197;Waals Gewest - Waals Gewest
N6190001;8;0;9.3;45;Agentschap Wegen en Verkeer - AWV719
N6199011;0;-5;0;67;Agentschap Wegen en Verkeer - AWV719
N6199021;0;-2;0;103;Agentschap Wegen en Verkeer - AWV719
N6199031;0;-6;0;119;Agentschap Wegen en Verkeer - AWV719
N6270001;21.9;-146;23.2;75;Agentschap Wegen en Verkeer - AWV719
N6480001;9.2;-23;14.4;709;Agentschap Wegen en Verkeer - AWV719
N6530001;0;-5;1.9;64;Agentschap Wegen en Verkeer - AWV719
N6539021;0.6;-882;0.6;-14;Waals Gewest - Waals Gewest
N6539021;0.6;-14;1;14;Agentschap Wegen en Verkeer - AWV719
N6710001;22.3;-80;26.4;48;Agentschap Wegen en Verkeer - AWV719
N7000001;0.1;-69;4.6;69;Agentschap Wegen en Verkeer - AWV719
N7010001;0;-3;0.4;42;Agentschap Wegen en Verkeer - AWV719
N7019011;0;0;0;359;Agentschap Wegen en Verkeer - AWV719
N7020001;1.4;-1402;1.4;-90;Gemeente - GemeenteHasselt
N7020001;1.4;-90;14.3;79;Agentschap Wegen en Verkeer - AWV720
N7120001;0;-27;3.9;-40;Agentschap Wegen en Verkeer - AWV114
N7120001;3.9;-40;10.1;98;Agentschap Wegen en Verkeer - AWV717
N7120001;10.1;98;10.1;627;Gemeente - GemeenteLommel
N7120001;10.8;-76;14.3;21;Agentschap Wegen en Verkeer - AWV717
N7120001;15.1;-22;18.4;103;Agentschap Wegen en Verkeer - AWV717
N7120001;19.3;-77;23.8;31;Agentschap Wegen en Verkeer - AWV717
N7129011;0;0;0;584;Gemeente - GemeentePelt
N7129021;18.5;-6;19.4;34;Agentschap Wegen en Verkeer - AWV717
N7130001;0;-11;1.3;42;Agentschap Wegen en Verkeer - AWV717
N7150001;0.1;-102;3.7;126;Agentschap Wegen en Verkeer - AWV720
N7150001;9.3;-40;37.8;92;Agentschap Wegen en Verkeer - AWV717
N7159011;17.9;-65;18.2;110;Agentschap Wegen en Verkeer - AWV717
N7160001;0.6;-52;8.3;0;Agentschap Wegen en Verkeer - AWV719
N7160001;8.3;0;14.8;92;Agentschap Wegen en Verkeer - AWV717
N7169011;0;0;0;461;Gemeente - GemeenteHerk-de-Stad
N7170001;0;-32;8.8;44;Agentschap Wegen en Verkeer - AWV717
N7170001;10.4;0;12.1;48;Agentschap Wegen en Verkeer - AWV717
N7179011;0;-5;0.3;46;Gemeente - GemeenteBeringen
N7179021;0.2;0;0.2;1010;Gemeente - GemeenteLummen
N7179031;0;-1;1.8;48;Agentschap Wegen en Verkeer - AWV717
N7180001;0;-22;3.3;5;Agentschap Wegen en Verkeer - AWV719
N7190001;0;-4;13.5;14;Agentschap Wegen en Verkeer - AWV717
N7190001;13.5;14;22;85;Agentschap Wegen en Verkeer - AWV718
N7199011;0;0;0;814;Agentschap Wegen en Verkeer - AWV717
N7210001;0.5;-30;9.9;47;Agentschap Wegen en Verkeer - AWV718
N7220001;0;-5;2.2;-28;Agentschap Wegen en Verkeer - AWV720
N7220001;2.2;-28;14.2;35;Agentschap Wegen en Verkeer - AWV719
N7229011;0;0;0;355;Gemeente - GemeenteSint-Truiden
N7229011;0;910;0;2198;Gemeente - GemeenteSint-Truiden
N7230001;0;-68;4.9;-47;Agentschap Wegen en Verkeer - AWV720
N7230001;4.9;-47;9;77;Agentschap Wegen en Verkeer - AWV718
N7239011;0.9;0;0.9;603;Gemeente - GemeenteAs
N7240001;0;0;7.9;61;Agentschap Wegen en Verkeer - AWV717
N7250001;0;-5;2.3;-29;Agentschap Wegen en Verkeer - AWV720
N7250001;2.3;-29;21.2;71;Agentschap Wegen en Verkeer - AWV717
N7260001;0;-6;8.9;-43;Agentschap Wegen en Verkeer - AWV720
N7260001;8.9;-43;11.7;64;Agentschap Wegen en Verkeer - AWV717
N7290001;0;-4;5;-40;Agentschap Wegen en Verkeer - AWV720
N7290001;5;-40;10.3;60;Agentschap Wegen en Verkeer - AWV717
N7299011;0;0;0;218;Gemeente - GemeenteHasselt
N7299011;0;500;0;1185;Gemeente - GemeenteHasselt
N7299011;0;1550;0;2292;Gemeente - GemeenteHeusden-Zolder
N7300001;0;-21;10;145;Agentschap Wegen en Verkeer - AWV719
N7300001;10;145;11.9;-34;Gemeente - GemeenteBilzen
N7300001;11.9;-34;15.6;-15;Agentschap Wegen en Verkeer - AWV719
N7300001;15.6;-15;22.7;35;Agentschap Wegen en Verkeer - AWV718
N7300001;22.7;35;24.9;18;Agentschap Wegen en Verkeer - AWV720
N7300001;24.9;18;26.5;105;Agentschap Wegen en Verkeer - AWV718
N7300001;27.4;-39;42.4;31;Agentschap Wegen en Verkeer - AWV718
N7300001;42.4;31;42.4;305;Gemeente - GemeenteBree
N7309011;0;-2;0;389;Agentschap Wegen en Verkeer - AWV719
N7309011;0;389;0;487;Gemeente - GemeenteBilzen
N7309021;0;0;0;1107;Gemeente - GemeenteBilzen
N7309031;0.1;-100;2.2;43;Agentschap Wegen en Verkeer - AWV719
N7309031;2.2;43;2.7;6;Agentschap Wegen en Verkeer - AWV720
N7320001;0.3;-17;1.2;43;Agentschap Wegen en Verkeer - AWV720
N7329021;0;0;0;180;Agentschap Wegen en Verkeer - AWV720
N7350001;0;-15;0.1;-18;Agentschap Wegen en Verkeer - AWV717
N7360001;0;-5;4;51;Agentschap Wegen en Verkeer - AWV717
N7390001;0;-13;4.5;194;Agentschap Wegen en Verkeer - AWV720
N7420001;1;-89;4.6;0;Agentschap Wegen en Verkeer - AWV718
N7430001;0;-3;5.7;97;Agentschap Wegen en Verkeer - AWV719
N7440001;0.1;-93;6.3;-9;Agentschap Wegen en Verkeer - AWV720
N7440001;6.3;-9;7.6;43;Agentschap Wegen en Verkeer - AWV718
N7449011;0;0;0;353;Gemeente - GemeenteGenk
N7450001;1;-999;1;-96;Gemeente - GemeenteBilzen
N7450001;1;-96;8.3;10;Agentschap Wegen en Verkeer - AWV719
N7460001;0;-3;13.7;91;Agentschap Wegen en Verkeer - AWV717
N7460001;13.7;91;14.7;-35;Gemeente - GemeenteLommel
N7460001;14.7;-35;17.9;73;Agentschap Wegen en Verkeer - AWV717
N7470001;0.1;-90;7.6;3;Agentschap Wegen en Verkeer - AWV717
N7470001;7.6;3;19.2;46;Agentschap Wegen en Verkeer - AWV718
N7480001;0.1;-108;6.4;52;Agentschap Wegen en Verkeer - AWV718
N7480001;6.4;52;17.8;59;Agentschap Wegen en Verkeer - AWV717
N7500001;0;-4;5.7;26;Agentschap Wegen en Verkeer - AWV720
N7500001;5.7;26;6.2;92;Agentschap Wegen en Verkeer - AWV718
N7510001;0;-4;1.7;84;Agentschap Wegen en Verkeer - AWV718
N7510001;0;1786;0;3128;Gemeente - GemeenteKinrooi
N7520001;0.1;-97;0.4;11;Waals Gewest - Waals Gewest
N7520001;0.4;11;1.7;60;Agentschap Wegen en Verkeer - AWV719
N7530001;0;-3;1.9;1282;Agentschap Wegen en Verkeer - AWV719
N7540001;0.5;-502;0.5;-102;Gemeente - GemeenteHerk-de-Stad
N7540001;0.5;-102;4.7;34;Agentschap Wegen en Verkeer - AWV717
N7540001;4.7;34;8.2;39;Agentschap Wegen en Verkeer - AWV720
N7540001;8.2;39;22.7;16;Agentschap Wegen en Verkeer - AWV719
N7549011;0.3;-16;1;65;Agentschap Wegen en Verkeer - AWV719
N7550001;0.1;-100;7.8;24;Agentschap Wegen en Verkeer - AWV719
N7550001;7.8;24;9.8;-83;Waals Gewest - Waals Gewest
N7550001;9.8;-83;13.4;0;Agentschap Wegen en Verkeer - AWV719
N7560001;0.1;0;0.1;3258;Gemeente - GemeenteBorgloon
N7570001;0.2;-210;0.2;-61;Gemeente - GemeenteKinrooi
N7570001;0.2;-61;12.7;36;Agentschap Wegen en Verkeer - AWV718
N7579011;0;0;0;145;Agentschap Wegen en Verkeer - AWV718
N7580001;0;-29;11.5;68;Agentschap Wegen en Verkeer - AWV719
N7590001;0;-45;3.1;31;Agentschap Wegen en Verkeer - AWV719
N7590001;8.3;-54;8.8;38;Agentschap Wegen en Verkeer - AWV719
N7600001;0.5;2;0.5;2097;Gemeente - GemeenteOudsbergen
N7600001;0.5;2097;0.5;3815;Gemeente - GemeenteBree
N7610001;0;0;0;787;Gemeente - GemeenteMaaseik
N7610001;0.8;-12;0.9;54;Agentschap Wegen en Verkeer - AWV718
N7620001;0;-8;11;91;Agentschap Wegen en Verkeer - AWV718
N7630001;0;-14;7.9;99;Agentschap Wegen en Verkeer - AWV718
N7630001;7.9;99;7.9;1245;Gemeente - GemeenteMaasmechelen
N7640001;0;0;0;1800;Gemeente - GemeentePelt
N7650001;0.4;-406;0.4;-75;Gemeente - GemeenteGingelom
N7650001;0.4;-75;3.9;100;Agentschap Wegen en Verkeer - AWV719
N7660001;0.1;-99;1.8;5;Agentschap Wegen en Verkeer - AWV718
N7690001;0;-4;1.6;76;Agentschap Wegen en Verkeer - AWV717
N7700001;0;-7;0.1;97;Agentschap Wegen en Verkeer - AWV718
N7710001;2.3;-2283;2.3;-50;Gemeente - GemeenteDilsen-Stokkem
N7710001;2.3;-50;12.8;27;Agentschap Wegen en Verkeer - AWV718
N7720001;0;0;0;4244;Gemeente - GemeenteBeringen
N7730001;0;-7;6.3;24;Agentschap Wegen en Verkeer - AWV718
N7740001;0;-6;0.1;45;Agentschap Wegen en Verkeer - AWV720
N7749011;0;-1;0.5;438;Agentschap Wegen en Verkeer - AWV720
N7749021;0;-3;0;593;Agentschap Wegen en Verkeer - AWV720
N7749031;0;0;0;230;Agentschap Wegen en Verkeer - AWV720
N7749041;0;0;0;1230;Gemeente - GemeenteDiepenbeek
N7749051;0;0;0;86;Agentschap Wegen en Verkeer - AWV720
N7750001;0;-3;2.2;91;Agentschap Wegen en Verkeer - AWV718
N7770001;0;-27;8.9;98;Agentschap Wegen en Verkeer - AWV719
N7790001;0;-6;1.6;131;Agentschap Wegen en Verkeer - AWV720
N7790001;1.6;131;1.6;978;Gemeente - GemeenteGenk
N7840001;0.5;-79;7.2;47;Agentschap Wegen en Verkeer - AWV719
N7840001;7.2;47;9.2;1515;Gemeente - GemeenteHeers
N7890001;0;-14;8.7;60;Agentschap Wegen en Verkeer - AWV719
N7900001;0;-19;1.8;45;Agentschap Wegen en Verkeer - AWV717
N7909011;0.1;-99;0.3;10;Agentschap Wegen en Verkeer - AWV717
N7909011;0.3;10;0.3;291;Gemeente - GemeentePelt
N7930001;1;-990;1;-52;Gemeente - GemeenteBree
N7930001;1;-52;2.3;75;Agentschap Wegen en Verkeer - AWV718
N7940001;0;0;0;1264;Gemeente - GemeenteHasselt
N7950001;0;0;0;790;Gemeente - GemeenteHasselt
N7960001;0;0;0;1836;Agentschap Wegen en Verkeer - AWV717
R0000001;14.2;-14199;14.2;1;Waals Gewest - Waals Gewest
R0000001;14.2;1;52.8;94;Agentschap Wegen en Verkeer - AWV212
R0000001;52.8;94;58.5;-82;Brussels Gewest - Brussels Gewest
R0000001;58.5;-82;71.4;20;Agentschap Wegen en Verkeer - AWV211
R0000001;71.4;20;71.4;4201;Waals Gewest - Waals Gewest
R0010001;0;-1;14.35;0;Agentschap Wegen en Verkeer - AWV121
R0020001;78;-98;89.9;99;Agentschap Wegen en Verkeer - AWV121
R0040002;0.1;-101;61.4;34;Agentschap Wegen en Verkeer - AWV411
R0060002;0.7;-79;9.3;67;Agentschap Wegen en Verkeer - AWV112
R0080001;0.1;-99;4.3;71;Agentschap Wegen en Verkeer - AWV312
R0080001;8.8;-108;9.3;62;Agentschap Wegen en Verkeer - AWV312
R0080001;11.1;-91;16.5;75;Agentschap Wegen en Verkeer - AWV312
R0080002;5.6;-70;8.1;0;Agentschap Wegen en Verkeer - AWV312
R0100001;1.9;-1737;1.9;-46;Gemeente - GemeenteAntwerpen
R0100001;1.9;-46;9.5;185;Agentschap Wegen en Verkeer - AWV121
R0100001;9.5;185;9.5;841;Gemeente - GemeenteAntwerpen
R0110001;0;-29;2.6;-77;Agentschap Wegen en Verkeer - AWV123
R0110001;2.6;-77;12.8;118;Agentschap Wegen en Verkeer - AWV121
R0110001;12.8;118;12.8;963;Gemeente - GemeenteAntwerpen
R0119011;0;2;0;1570;Gemeente - GemeenteAntwerpen
R0120001;0;-31;2.1;39;Agentschap Wegen en Verkeer - AWV112
R0120001;2.1;39;2.5;-38;Gemeente - GemeenteMechelen
R0120001;2.5;-38;4.6;139;Agentschap Wegen en Verkeer - AWV112
R0130001;0;-19;6.8;104;Agentschap Wegen en Verkeer - AWV125
R0130001;9.3;-92;11.1;106;Agentschap Wegen en Verkeer - AWV125
R0140001;0;-18;9.1;73;Agentschap Wegen en Verkeer - AWV114
R0160001;0;-29;6.9;109;Agentschap Wegen en Verkeer - AWV123
R0180001;0;-10;1.7;62;Agentschap Wegen en Verkeer - AWV125
R0220001;0;0;10.4;-268;Brussels Gewest - Brussels Gewest
R0220001;10.4;-268;24.3;23;Agentschap Wegen en Verkeer - AWV212
R0229011;0;0;0;352;Agentschap Wegen en Verkeer - AWV212
R0229021;0;0;0;3503;Gemeente - GemeenteMachelen
R0230001;0;-4;7.2;49;Agentschap Wegen en Verkeer - AWV213
R0250001;0;-9;7.3;26;Agentschap Wegen en Verkeer - AWV214
R0260001;0;-2;6.1;38;Agentschap Wegen en Verkeer - AWV214
R0269011;0;-11;0.4;42;Agentschap Wegen en Verkeer - AWV214
R0270001;0.1;-21;6.5;40;Agentschap Wegen en Verkeer - AWV214
R0279011;0.1;-92;1.6;12;Agentschap Wegen en Verkeer - AWV214
R0300001;0;-11;8.7;46;Agentschap Wegen en Verkeer - AWV311
R0309011;0;-17;0.2;69;Agentschap Wegen en Verkeer - AWV311
R0309021;0;-27;0.2;69;Agentschap Wegen en Verkeer - AWV311
R0310001;0;-2;4.4;61;Agentschap Wegen en Verkeer - AWV315
R0320001;0;-12;12.5;94;Agentschap Wegen en Verkeer - AWV316
R0330001;0.1;-93;5.4;37;Agentschap Wegen en Verkeer - AWV313
R0330001;6.6;-102;7.6;68;Agentschap Wegen en Verkeer - AWV313
R0340001;0;0;6.7;32;Agentschap Wegen en Verkeer - AWV316
R0340001;6.7;32;6.8;97;Agentschap Wegen en Verkeer - AWV311
R0350001;0;-18;3.9;30;Agentschap Wegen en Verkeer - AWV312
R0350001;3.9;30;4.5;20;Gemeente - GemeenteWaregem
R0350001;4.5;20;5;48;Agentschap Wegen en Verkeer - AWV312
R0360001;0;-7;4.9;65;Agentschap Wegen en Verkeer - AWV312
R0369251;0;-10;0.7;44;Agentschap Wegen en Verkeer - AWV312
R0400001;0.2;-197;11.2;101;Agentschap Wegen en Verkeer - AWV411
R0409011;0.3;-61;1.9;165;Agentschap Wegen en Verkeer - AWV411
R0410001;0.1;-103;0.7;24;Agentschap Wegen en Verkeer - AWV411
R0410001;0.7;24;6.3;59;Agentschap Wegen en Verkeer - AWV415
R0420001;0;-4;2.1;53;Agentschap Wegen en Verkeer - AWV414
R0420001;2.1;53;3;-3;Gemeente - GemeenteSint-Niklaas
R0420001;3;-3;5;0;Agentschap Wegen en Verkeer - AWV414
R0430001;0;-6;21;0;Agentschap Wegen en Verkeer - AWV413
R0700001;0;-1;1.9;78;Agentschap Wegen en Verkeer - AWV720
R0700001;1.9;78;2.3;-51;Gemeente - GemeenteHasselt
R0700001;2.3;-51;2.5;41;Agentschap Wegen en Verkeer - AWV720
R0710001;0;-4;10;68;Agentschap Wegen en Verkeer - AWV720
R0720001;0;-37;2;37;Agentschap Wegen en Verkeer - AWV719
T0020001;73.7;0;73.7;3661;Agentschap Wegen en Verkeer - AWV720
T0040001;0;-2;0.776;0;Agentschap Wegen en Verkeer - AWV411
T0049011;0;0;1.27;14;Agentschap Wegen en Verkeer - AWV411
T0100001;0;0;0;488;Agentschap Wegen en Verkeer - AWV411
T0740001;0;0;0;1133;Agentschap Wegen en Verkeer - AWV720
T0760001;22.5;0;22.5;800;Agentschap Wegen en Verkeer - AWV720
T1050001;0;0;0;1968;Agentschap Wegen en Verkeer - AWV112
T2000001;0;0;0;355;Agentschap Wegen en Verkeer - AWV212
T2020001;0;0;0;212;Agentschap Wegen en Verkeer - AWV212
T2030001;0;0;0;272;Agentschap Wegen en Verkeer - AWV212
T2040001;0;0;0;104;Agentschap Wegen en Verkeer - AWV212
T2050001;0;0;0;223;Agentschap Wegen en Verkeer - AWV212
T2060001;0;118;0;286;Agentschap Wegen en Verkeer - AWV212
T2080001;0;0;0;384;Gemeente - GemeenteAffligem
T2080001;0;384;0;483;Agentschap Wegen en Verkeer - AWV212
T2080001;0;483;0;603;Gemeente - GemeenteAffligem
T2089011;0;0;0;212;Gemeente - GemeenteAffligem
T2100001;0;0;0;192;Agentschap Wegen en Verkeer - AWV212
T2110001;0;-4;0;1031;Agentschap Wegen en Verkeer - AWV212
T3000001;0;-5;5.4;110;Agentschap Wegen en Verkeer - AWV311
T3020001;0;-5;0.2;101;Agentschap Wegen en Verkeer - AWV315
T3040001;0;0;0;956;Agentschap Wegen en Verkeer - AWV312
T3060001;0;-3;0.7;25;Agentschap Wegen en Verkeer - AWV313
T3080001;0;0;0;608;Agentschap Wegen en Verkeer - AWV315
T3100001;0;-8;0.1;99;Agentschap Wegen en Verkeer - AWV315
T3120001;0;0;0;183;Agentschap Wegen en Verkeer - AWV313
T3130001;0;0;0.4;54;Agentschap Wegen en Verkeer - AWV311
T3140001;0;-9;0.4;59;Agentschap Wegen en Verkeer - AWV311
T3160001;0;-2;0.3;78;Agentschap Wegen en Verkeer - AWV313
T3180001;0;-6;1.2;12;Agentschap Wegen en Verkeer - AWV313
T3200001;0;-2;0.2;47;Agentschap Wegen en Verkeer - AWV313
T3220001;0;-14;0.2;73;Agentschap Wegen en Verkeer - AWV315
T7000001;0;0;0;1825;Gemeente - GemeenteDilsen-Stokkem
T7020001;0;0;0;666;Agentschap Wegen en Verkeer - AWV720
T7040001;0;0;0;939;Gemeente - GemeenteHouthalen-Helchteren
T7050001;0;0;0;718;Agentschap Wegen en Verkeer - AWV717
T7070001;0;0;0;189;Gemeente - GemeenteDilsen-Stokkem
T7230001;8.9;0;8.9;624;Agentschap Wegen en Verkeer - AWV718
T7320001;0;0;0;900;Gemeente - GemeenteHasselt
T7749021;0;0;0;801;Agentschap Wegen en Verkeer - AWV720
N0100001;0;0;3.4;0;BRABO1
N0120001;4.3;0;6.1;0;BRABO1
N1120001;0;0;1.2;0;BRABO1
R0010001;14.35;0;16.706;0;LANTIS
A0110002;64.1;-332;68.0;0;LANTIS
